Data Source,World Development Indicators,,,,,,,,,,,,,,,,,,,,,,,,,,,,,,,,,,,,,,,,,,,,,,,,,,,,,,,,,,,,
,,,,,,,,,,,,,,,,,,,,,,,,,,,,,,,,,,,,,,,,,,,,,,,,,,,,,,,,,,,,,
Last Updated Date,2018-08-28,,,,,,,,,,,,,,,,,,,,,,,,,,,,,,,,,,,,,,,,,,,,,,,,,,,,,,,,,,,,
,,,,,,,,,,,,,,,,,,,,,,,,,,,,,,,,,,,,,,,,,,,,,,,,,,,,,,,,,,,,,
Country Name,Country Code,Indicator Name,Indicator Code,1960,1961,1962,1963,1964,1965,1966,1967,1968,1969,1970,1971,1972,1973,1974,1975,1976,1977,1978,1979,1980,1981,1982,1983,1984,1985,1986,1987,1988,1989,1990,1991,1992,1993,1994,1995,1996,1997,1998,1999,2000,2001,2002,2003,2004,2005,2006,2007,2008,2009,2010,2011,2012,2013,2014,2015,2016,2017
Aruba,ABW,Individuals using the Internet (% of population),IT.NET.USER.ZS,,,,,,,,,,,,,,,,,,,,,,,,,,,,,,,0,,,,,,2.7683826627,,,4.5061790981,15.442822948,17.1,18.8,20.8,23,25.4,28,30.9,52,58,62,69,74,78.9,83.78,88.6612269325,93.542453865,
Afghanistan,AFG,Individuals using the Internet (% of population),IT.NET.USER.ZS,,,,,,,,,,,,,,,,,,,,,,,,,,,,,,,0,,,,,,,,,,,0.0047225682,0.0045613952,0.0878912529,0.10580903,1.2241480837,2.1071236455,1.9,1.84,3.55,4,5,5.4545454545,5.9,7,8.26,10.5957264187,
Angola,AGO,Individuals using the Internet (% of population),IT.NET.USER.ZS,,,,,,,,,,,,,,,,,,,,,,,,,,,,,,,0,,,,,,0.0007759285,0.005673746,0.0184537241,0.071964087,0.1050455625,0.1360138674,0.2703767456,0.3706820652,0.464814618,1.1433668266,1.5,1.7,1.9,2.3,2.8,3.1,6.5,8.9,10.2,12.4,13,
Albania,ALB,Individuals using the Internet (% of population),IT.NET.USER.ZS,,,,,,,,,,,,,,,,,,,,,,,,,,,,,,,0,,,,,0.0111686955,0.0321968282,0.0485939188,0.06502737,0.0814370446,0.1140973466,0.3257983771,0.3900812734,0.9719004152,2.4203877978,6.043890864,9.6099913158,15.0361154084,23.86,41.2,45,49,54.6559590399,57.2,60.1,63.2529326969,66.363444701,
Andorra,AND,Individuals using the Internet (% of population),IT.NET.USER.ZS,,,,,,,,,,,,,,,,,,,,,,,,,,,,,,,0,,,,,,1.5266010228,3.0501753851,6.8862092183,7.6356861428,10.5388356092,,11.260468717,13.5464128764,26.8379543895,37.6057662175,48.9368469989,70.87,70.04,78.53,81,81,86.4344246167,94,95.9,96.91,97.930637122,
Arab World,ARB,Individuals using the Internet (% of population),IT.NET.USER.ZS,,,,,,,,,,,,,,,,,,,,,,,,,,,,,,,0,,,,,0.0176735803,0.0391510685,0.135566651,0.2700710445,0.6168163912,1.1739867439,1.6074478851,2.7677858829,3.7480369029,7.2346368903,8.6349467667,11.6637886735,14.3152138911,18.4959056791,21.4263493058,24.7759406945,26.5827639494,30.1782328192,32.9280383553,36.4579583655,39.8518963862,42.5250402156,
United Arab Emirates,ARE,Individuals using the Internet (% of population),IT.NET.USER.ZS,,,,,,,,,,,,,,,,,,,,,,,,,,,,,,,0,,,,,0.1029391746,0.3753935343,3.295592694,6.9083029857,14.9426989907,23.6253008752,26.271754201,28.316485311,29.4779534121,30.1312961695,40,52,61,63,64,68,78,84.9999915049,88,90.4,90.5,90.600007318,
Argentina,ARG,Individuals using the Internet (% of population),IT.NET.USER.ZS,,,,,,,,,,,,,,,,,,,,,,,,,,,,,,,0,,0.0029928741,0.0295270653,0.0437059511,0.086277081,0.1419547044,0.2803398818,0.8307666797,3.2844819559,7.0386830862,9.7808072853,10.8821243775,11.913696551,16.0366841055,17.7205833696,20.9272021036,25.9466329404,28.11262348,34,45,51,55.8,59.9,64.7,68.0430641088,70.9689808206,
Armenia,ARM,Individuals using the Internet (% of population),IT.NET.USER.ZS,,,,,,,,,,,,,,,,,,,,,,,,,,,,,,,0,,,,0.0091170141,0.0527431233,0.0945729025,0.1116509345,0.1286594776,0.9707377575,1.3004700224,1.6310946668,1.9604050458,4.5752172248,4.8990085713,5.252983352,5.6317877773,6.0212533971,6.21,15.3,25,32,37.5,41.9,54.6228058583,64.3460297654,67,
American Samoa,ASM,Individuals using the Internet (% of population),IT.NET.USER.ZS,,,,,,,,,,,,,,,,,,,,,,,,,,,,,,,0,,,,,,,,,,,,,,,,,,,,,,,,,,,
Antigua and Barbuda,ATG,Individuals using the Internet (% of population),IT.NET.USER.ZS,,,,,,,,,,,,,,,,,,,,,,,,,,,,,,,0,,,,,2.2007688019,2.8584495769,3.480536838,4.0717165,5.3006811375,6.482225737,8.8992855145,12.5,17.2286487817,24.2665437162,27,30,34,38,42,47,52,58,63.4,67.78,70,73,
Australia,AUS,Individuals using the Internet (% of population),IT.NET.USER.ZS,,,,,,,,,,,,,,,,,,,,,,,,,,,,,,,0.5850947122,1.0972038914,1.7687649125,1.9746110157,2.2321012544,2.7596545133,3.2752498702,16.3693583751,30.8132394396,40.7837839022,46.7561156117,52.689266431,,,,63,66,69.45,71.67,74.25,76,79.4876977139,79,83.453497167,84,84.5605193474,88.2386580522,
Austria,AUT,Individuals using the Internet (% of population),IT.NET.USER.ZS,,,,,,,,,,,,,,,,,,,,,,,,,,,,,,,0.1303693769,0.2590815533,0.6428176188,0.76534273,1.3934229676,1.8902105241,6.9091623533,9.5339743175,15.421219322,23.0443171023,33.7301329517,39.1854501811,36.56,42.7,54.28,58,63.6,69.37,72.87,73.45,75.17,78.7399930987,80.029993917,80.6188,80.9958249575,83.9401419315,84.3233312921,
Azerbaijan,AZE,Individuals using the Internet (% of population),IT.NET.USER.ZS,,,,,,,,,,,,,,,,,,,,,,,,,,,,,,,0,,,,0.0014314153,0.0020555558,0.0063545845,0.0251879335,0.037485109,0.0992289415,0.1477575756,0.3055646376,4.9997136781,,,8.0303753562,11.9921773344,14.54,17.08,27.4,46,50,54.2,73.000001372,75.0000156363,77,78.2,
Burundi,BDI,Individuals using the Internet (% of population),IT.NET.USER.ZS,0,,,,,0,,,,,0,,,,,0,0,0,0,0,0,0,0,0,0,0,0,0,0,0,0,0,0,0,0,0,0.0008035921,0.0079794386,0.0158427763,0.0392044692,0.0772484474,0.1060012454,0.1182284123,0.2012731967,0.3490604619,0.5421428658,0.6575925904,0.7,0.81,0.9,1,1.11,1.2199999448,1.2642181112,1.38,4.8662244636,5.1736267765,
Belgium,BEL,Individuals using the Internet (% of population),IT.NET.USER.ZS,,,,,,,,,,,,,,,,,,,,,,,,,,,,,,,0.0010067396,0.0200726449,0.1000410268,0.1994460585,0.6959946898,0.9916629901,2.9684116475,4.9380809097,7.8866227007,13.772214459,29.4316916924,31.2883955057,46.33,49.97,53.86,55.82,59.72,64.44,66,70,75,81.6099959956,80.7199905482,82.1702,85,85.0529,86.5165,
Benin,BEN,Individuals using the Internet (% of population),IT.NET.USER.ZS,,,,,,,,,,,,,,,,,,,,,,,,,,,,,,,0,,,,,,0.0016931002,0.0246487957,0.0478773039,0.1549067407,0.2252478515,0.36341789,0.7029455951,0.9513271149,1.1825409652,1.2710314395,1.5378543462,1.79,1.85,2.24,3.13,4.1483230656,4.5,4.9,6,11.2549879092,11.9940479082,
Burkina Faso,BFA,Individuals using the Internet (% of population),IT.NET.USER.ZS,,,,,,,,,,,,,,,,,,,,,,,,,,,,,,,0,,,,,,0.0009605186,0.0186863531,0.0454234841,0.0617802927,0.0770801689,0.1577324647,0.2009925979,0.3734403032,0.4002952855,0.4699144887,0.6327075645,0.75,0.92,1.13,2.4,3,3.725034916,9.1,9.4,11.3876461662,13.96,
Bangladesh,BGD,Individuals using the Internet (% of population),IT.NET.USER.ZS,,,,,,,,,,,,,,,,,,,,,,,,,,,,,,,0,,,,,,,0.0007510458,0.0036848126,0.0361704075,0.0710394231,0.1298079739,0.1399202885,0.1638776655,0.1990363337,0.2416373256,1,1.8,2.5,3.1,3.7,4.5,5,6.63,13.9,14.4,18.2469380029,
Bulgaria,BGR,Individuals using the Internet (% of population),IT.NET.USER.ZS,,,,,,,,,,,,,,,,,,,,,,,,,,,,,,,0,,,0.0023390423,0.0195266688,0.1196655491,0.7252511666,1.2198131319,1.8449651209,2.9081540251,5.3709234691,7.6122977488,9.08,12.04,18.13,19.97,27.09,33.64,39.67,45,46.23,47.9799930506,51.8999876659,53.0615,55.49,56.6563,59.825547661,
Bahrain,BHR,Individuals using the Internet (% of population),IT.NET.USER.ZS,,,,,,,,,,,,,,,,,,,,,,,,,,,,,,,0,,,,,0.3462058436,0.8432542192,1.6462992017,3.2182021514,4.7203581178,6.1537325465,15.0386342514,18.0507208881,21.5549449918,21.4586805077,21.3037335137,28.2439524318,32.91,51.95,53,55,76.9999665032,88,90.0000397,90.5031334815,93.4783011354,97.9999807024,
"Bahamas, The",BHS,Individuals using the Internet (% of population),IT.NET.USER.ZS,,,,,,,,,,,,,,,,,,,,,,,,,,,,,,,0,,,,,0.960030721,1.7469506976,1.3629539028,2.3355907104,3.7645578218,8,11.8,18,20,22,25,26,27,31.54,33.88,43,65,71.7482028147,72,76.92,78,80,
Bosnia and Herzegovina,BIH,Individuals using the Internet (% of population),IT.NET.USER.ZS,,,,,,,,,,,,,,,,,,,,,,,,,,,,,,,0,,,,,,0.0151255634,0.0594255628,0.1436710599,0.1943741998,1.0829607497,1.2005269513,2.6482679136,3.9650368339,15.4689716228,21.3267010008,25.1223856852,27.92,34.66,37.74,42.75,43.8876865286,45.0645004335,48.5213141734,49.9177324336,52.6027298845,54.7370743875,
Belarus,BLR,Individuals using the Internet (% of population),IT.NET.USER.ZS,,,,,,,,,,,,,,,,,,,,,,,,,,,,,,,0,,,,0.0004859509,0.0029212544,0.0292982941,0.049020891,0.0738688973,0.4948812453,1.8603981262,4.3006160215,8.9509713147,,,,16.2,19.7,23,27.43,31.8,39.6488956599,46.91,54.17,59.02,67.3,71.1130457604,
Belize,BLZ,Individuals using the Internet (% of population),IT.NET.USER.ZS,,,,,,,,,,,,,,,,,,,,,,,,,,,,,,,0,,,,,0.0453971799,0.8828073273,1.2885823018,2.0915163912,4.0767405644,5.9638353027,,5.6842512136,,9.8,17,24,24.6,26.3,27.2,28.2,30.7,31,33.6,38.7,41.5899999998,44.57574032,
Bermuda,BMU,Individuals using the Internet (% of population),IT.NET.USER.ZS,,,,,,,,,,,,,,,,,,,,,,,,,,,,,,,0,,,,,6.8381634647,16.2024660153,24.1892567448,32.1037593502,39.9475887635,42.9498600153,47.5096998971,52.03159737,56.5220121836,60.9908670086,65.4470657899,69.8996551617,74.3505940303,82.3,83.25,84.21,88.336,91.2993045243,95.3,96.8,98.3236096537,98,
Bolivia,BOL,Individuals using the Internet (% of population),IT.NET.USER.ZS,,,,,,,,,,,,,,,,,,,,,,,,,,,,,,,0,,,,,0.0668075683,0.1960811739,0.4478390359,0.6264840624,0.9818151873,1.4427635848,2.1204625341,3.117192947,3.5085964007,4.4399246012,5.2275839566,6.2006712547,10.4992443169,12.5,16.8,22.4,30,35.34,36.99,34.6,35.56227065,39.6975146033,
Brazil,BRA,Individuals using the Internet (% of population),IT.NET.USER.ZS,,,,,,,,,,,,,,,,,,,,,,,,,,,,,,,0,0.0032881707,0.0129462624,0.0254982532,0.0376727094,0.1051381678,0.4507891789,0.786079155,1.4778749586,2.0387321835,2.8706851585,4.528494869,9.1494250856,13.2075861035,19.0736722744,21.0227472488,28.1783801798,30.88,33.83,39.22,40.65,45.69,48.56,51.04,54.5510018796,58.3279517341,60.8725400681,
Barbados,BRB,Individuals using the Internet (% of population),IT.NET.USER.ZS,,,,,,,,,,,,,,,,,,,,,,,,,,,,,,,0,,,,,0.0077522385,0.3894642141,0.7834289117,1.9702492365,2.3762470346,3.9736783546,11.9364503384,27.8363224241,39.689627116,49.8,52.5,55.3,58.2,61.4,64.7,65.1,66.5,71.2,71.8,75.16,76.11,79.5493978889,
Brunei Darussalam,BRN,Individuals using the Internet (% of population),IT.NET.USER.ZS,,,,,,,,,,,,,,,,,,,,,,,,,,,,,,,0,,,,,1.0170801663,3.3033499272,4.8310579051,6.284742844,7.6710412058,8.9962845345,12.9177690823,15.3298798557,19.5950032207,29.7156041448,36.4663919476,42.1863491609,44.68,46,49,53,56,60.2730650423,64.5,68.77,71.2,90,
Bhutan,BTN,Individuals using the Internet (% of population),IT.NET.USER.ZS,,,,,,,,,,,,,,,,,,,,,,,,,,,,,,,0,,,,,,,,,0.1375715143,0.4009444469,0.8646285642,1.6758025838,2.4369123995,3.1569841961,3.8471067449,4.5183172582,5.92,6.55,7.17,13.6,14.4,15.6,22.4,30.3,39.8,41.7726445322,
Botswana,BWA,Individuals using the Internet (% of population),IT.NET.USER.ZS,0,,,,,0,,,,,0,,,,,0,0,0,0,0,0,0,0,0,0,0,0,0,0,0,0,0,,,,0.064521041,0.1574542296,0.3077468499,0.6024009291,1.1223914736,2.9026666218,3.430886787,3.3859223506,3.3451901741,3.3048892532,3.2625540361,4.2899329752,5.28,6.25,6.15,6,9,16,30,36.7447474442,37.3120503733,39.36299738,
Central African Republic,CAF,Individuals using the Internet (% of population),IT.NET.USER.ZS,,,,,,,,,,,,,,,,,,,,,,,,,,,,,,,0,,,,,,0.0058495028,0.0142708807,0.0278782013,0.0408942872,0.0533941742,0.0785434278,0.1285371165,0.1515633379,0.2234013955,0.2681956092,0.3111591732,0.375815961,1,1.8,2,2.2,3,3.4,3.6,3.8,4,
Canada,CAN,Individuals using the Internet (% of population),IT.NET.USER.ZS,,,,,,,,,,,,,,,,,,,,,,,,,,,,,,,0.3609997006,0.5703859263,0.9159810402,1.1845575091,2.378693853,4.1635252527,6.7602396505,15.0723573636,24.8974003031,36.1864400395,51.3,60.2,61.5932992682,64.2,65.9559634649,71.66,72.4,73.2,76.7,80.3,80.3,83,83,85.8,87.12,88.47,89.84,
Central Europe and the Baltics,CEB,Individuals using the Internet (% of population),IT.NET.USER.ZS,,,,,,,,,,,,,,,,,,,,,,,,,,,,,,,0,,,0.148652395,0.3892846016,0.6220214336,1.0688292923,1.7919969511,3.5153024335,4.9675218173,7.0541692929,10.2393218027,18.2553190537,22.5921245779,29.2447368561,34.7495541297,40.7996109435,45.2842744733,50.6885905653,55.1028333733,58.5992965115,59.1222464765,61.7286949263,63.4756186304,66.495036249,67.359245017,71.3504111076,
Switzerland,CHE,Individuals using the Internet (% of population),IT.NET.USER.ZS,,,,,,,,,,,,,,,,,,,,,,,,,,,,,,,0.5957142234,1.1799559699,1.7517133216,2.1672702033,2.7200043291,3.5520072109,4.5496567482,15.1,24.8,34,47.1,55.1,61.4,65.1,67.8,70.1,75.7,77.2,79.2,81.3,83.9,85.1930281805,85.2,86.34,87.4,87.4790555979,89.1346877351,
Channel Islands,CHI,Individuals using the Internet (% of population),IT.NET.USER.ZS,,,,,,,,,,,,,,,,,,,,,,,,,,,,,,,,,,,,,,,,,,,,,,,,,,,,,,,,,,
Chile,CHL,Individuals using the Internet (% of population),IT.NET.USER.ZS,,,,,,,,,,,,,,,,,,,,,,,,,,,,,,,0,,0.0365489382,0.0717831443,0.1410845067,0.3469807814,0.6834756102,1.057092496,1.6623220218,4.1034192972,16.6,19.1,22.1,25.4737788865,28.1779101232,31.1753470304,34.4977511736,35.9,37.3,41.56,45,52.2496072878,55.05,58,61.11,64.289,66.01,
China,CHN,Individuals using the Internet (% of population),IT.NET.USER.ZS,,,,,,,,,,,,,,,,,,,,,,,,,,,,,,,0,,,0.0001686803,0.0011681145,0.0049547095,0.0130816918,0.0323948609,0.1685402973,0.7081879568,1.7759132068,2.6396502149,4.5957043308,6.2,7.3,8.5232570027,10.5231526194,16,22.6,28.9,34.3,38.3,42.3001174856,45.8,47.9,50.3,53.2,
Cote d'Ivoire,CIV,Individuals using the Internet (% of population),IT.NET.USER.ZS,,,,,,,,,,,,,,,,,,,,,,,,,,,,,,,0,,,,,0.0002002556,0.0084097798,0.0188283613,0.0609744386,0.1186859167,0.2314616706,0.3957477022,0.4979293608,0.7586696295,0.8492824147,1.0392382051,1.5249007912,1.8,1.9,2,2.7,2.9,5,12,19.2742298,21.88520842,26.5272256146,
Cameroon,CMR,Individuals using the Internet (% of population),IT.NET.USER.ZS,,,,,,,,,,,,,,,,,,,,,,,,,,,,,,,0,,,,,,,0.0067687443,0.0132163405,0.1290675809,0.2521200777,0.2770513218,0.3608715843,0.5876226111,0.9760754155,1.4026542258,2.0287447915,2.93,3.4,3.84,4.3,5,7.5,10,16.2148722258,20.6801476606,25,
"Congo, Dem. Rep.",COD,Individuals using the Internet (% of population),IT.NET.USER.ZS,,,,,,,,,,,,,,,,,,,,,,,,,,,,,,,0,,,,,,0.0001082067,0.0002112132,0.0004130652,0.0010090761,0.0059021137,0.0114757819,0.0927907025,0.1349148374,0.1962083752,0.2380377987,0.2960536103,0.37,0.44,0.56,0.72,1.2,1.6799610146,2.2,3,3.7999995073,6.2099740603,
"Congo, Rep.",COG,Individuals using the Internet (% of population),IT.NET.USER.ZS,,,,,,,,,,,,,,,,,,,,,,,,,,,,,,,0,,,,,,0.0035268604,0.0034691036,0.0034151431,0.0167910492,0.0263547321,0.0322236164,0.1572495172,0.4600141868,1.0775049296,1.4634200595,2.0079900794,2.7597043737,4.2875099028,4.5,5,5.6,6.1066950244,6.6,7.11,7.6159746621,8.1219493235,
Colombia,COL,Individuals using the Internet (% of population),IT.NET.USER.ZS,,,,,,,,,,,,,,,,,,,,,,,,,,,,,,,0,,,,0.1071739453,0.1880467904,0.3300177727,0.5505210232,1.1262252446,1.6977307936,2.2075329926,2.8541999713,4.6,7.3889237105,9.118690303,11.0072638905,15.3416745366,21.8,25.6,30,36.5,40.3509157546,48.98,51.7,52.57,55.9049725143,58.1364935729,
Comoros,COM,Individuals using the Internet (% of population),IT.NET.USER.ZS,,,,,,,,,,,,,,,,,,,,,,,,,,,,,,,0,,,,,,,0,0.0378709698,0.1481629644,0.2717406073,0.4430683725,0.554869675,0.8481893702,1.3273271779,2,2.2,2.5,3,3.5,5.1,5.5,5.9752963084,6.5,6.98,7.4591613856,7.9383227708,
Cabo Verde,CPV,Individuals using the Internet (% of population),IT.NET.USER.ZS,,,,,,,,,,,,,,,,,,,,,,,,,,,,,,,0,,,,,,,0.2409679199,0.4727350084,1.1599824611,1.8224438516,2.6853327127,3.518757175,4.3248853905,5.3188320696,6.0740871066,6.8089110075,8.2832198195,14,21,30,32,34.74,37.5,40.26,47.96162392,50.3228178677,
Costa Rica,CRI,Individuals using the Internet (% of population),IT.NET.USER.ZS,,,,,,,,,,,,,,,,,,,,,,,,,,,,,,,0,,0.0011133254,0.0815097538,0.2799124787,0.4168292061,0.8410570405,1.6402212877,2.6663786978,3.9043232571,5.8002530233,9.559482135,19.8948511346,20.3336148144,20.7923067056,22.07,25.1,28.4,32.29,34.33,36.5,39.2121959962,47.5,45.96,53,59.7629501372,66.0287128511,
Caribbean small states,CSS,Individuals using the Internet (% of population),IT.NET.USER.ZS,,,,,,,,,,,,,,,,,,,,,,,,,,,,,,,0,,,,,0.1945179,0.5540628119,0.9026566009,1.9406150042,3.3688463844,4.9225548552,8.3083207445,11.7462745452,14.8983457766,16.8166997277,19.4252818916,22.2939335678,24.5022874668,27.6745283225,31.7555302993,35.4076901105,42.1843231942,42.5524824731,45.335287042,48.3309139259,50.8981648475,53.8099889236,
Cuba,CUB,Individuals using the Internet (% of population),IT.NET.USER.ZS,,,,,,,,,,,,,,,,,,,,,,,,,,,,,,,0,,,,,0.000091658,0.0319490014,0.0682202138,0.2266991989,0.3146905412,0.5411825488,1.0797517219,3.7705850377,5.2412690537,8.407984759,9.7380622078,11.1596013148,11.69,12.94,14.33,15.9,16.0172907996,21.2,27.93,29.0701843657,37.3050974155,38.76586728,
Curacao,CUW,Individuals using the Internet (% of population),IT.NET.USER.ZS,,,,,,,,,,,,,,,,,,,,,,,,,,,,,,,,,,,,,,,,,,,,,,,,,,,,,,,,,61.8555107406,
Cayman Islands,CYM,Individuals using the Internet (% of population),IT.NET.USER.ZS,,,,,,,,,,,,,,,,,,,,,,,,,,,,,,,0,,,0,0,3.9489671932,,,,,,,,,,38.0343830823,44.5,52,61,64.5,66,69.46594499,69.7,71.4,74.1,77,79,
Cyprus,CYP,Individuals using the Internet (% of population),IT.NET.USER.ZS,,,,,,,,,,,,,,,,,,,,,,,,,,,,,,,0,,0.0500604301,0.0563674822,0.1110346206,0.4101206848,0.6733435412,4.378272095,8.8905391589,11.3423986595,15.255394371,18.8187590408,28.32,30.09,33.83,32.81,35.83,40.77,42.31,49.81,52.99,56.8598923504,60.6898684002,65.4548,69.33,71.7159,75.9003601905,
Czech Republic,CZE,Individuals using the Internet (% of population),IT.NET.USER.ZS,,,,,,,,,,,,,,,,,,,,,,,,,,,,,,,0,,,0.5813195294,1.2592178378,1.4535758402,1.9403781933,2.9156986952,3.895906065,6.8328020179,9.7805278883,14.6971721171,23.93,34.3,35.5,35.27,47.93,51.93,62.97,64.43,68.82,70.49,73.4300078241,74.1104,74.2317116367,75.6688386993,76.481201378,
Germany,DEU,Individuals using the Internet (% of population),IT.NET.USER.ZS,,,,,,,,,,,,,,,,,,,,,,,,,,,,,,,0.1258922234,0.2502741534,0.4352852902,0.4636350965,0.9225410431,1.8377377536,3.0548052343,6.7110874767,9.8778524281,20.845982639,30.2163466049,31.6509394163,48.82,55.9,64.73,68.71,72.16,75.16,78,79,82,81.269999536,82.3499984738,84.17,86.19,87.5898,89.6471005903,
Djibouti,DJI,Individuals using the Internet (% of population),IT.NET.USER.ZS,,,,,,,,,,,,,,,,,,,,,,,,,,,,,,,0,,,,,0.0160308305,0.0311662407,0.0829414976,0.094696004,0.1057619088,0.1945005284,0.343526263,0.4869717045,0.6259402294,0.7813171751,0.9536114493,1.2700411592,1.62,2.26,4,6.5,7,8.267232892,9.5,10.71,11.9224314345,13.1349151074,
Dominica,DMA,Individuals using the Internet (% of population),IT.NET.USER.ZS,,,,,,,,,,,,,,,,,,,,,,,,,,,,,,,0,,,,,0.5487627365,1.1655181457,,2.9253451907,2.9321643771,8.8148441976,13.2452280387,18.4248927671,23.620419853,30.3196130922,38.5436432638,39.3981743035,40.2744630072,41.16,42.02,47.45,48.6,49.8,51,57.5,65,67.03,
Denmark,DNK,Individuals using the Internet (% of population),IT.NET.USER.ZS,,,,,,,,,,,,,,,,,,,,,,,,,,,,,,,0.0972772676,0.1940565147,0.3869139511,0.5783299758,1.3443077497,3.8256564205,5.7149878414,11.3820049364,22.6687461463,30.5920406509,39.1724308555,42.9575247202,64.25,76.26,80.93,82.74,86.65,85.03,85.02,86.84,88.72,89.8100133895,92.2600117153,94.6297,95.99,96.3305,96.9677852517,
Dominican Republic,DOM,Individuals using the Internet (% of population),IT.NET.USER.ZS,,,,,,,,,,,,,,,,,,,,,,,,,,,,,,,0,,,,,0.0172336008,0.0749870526,0.1426875655,0.233914189,1.1047438738,3.7046923559,4.4293906967,6.8237257326,7.8983929372,8.8655534607,11.4831977789,14.8449283655,17.66,20.82,27.72,31.4,38,42.32,45.9,49.58,54.215766337,61.3281904078,
Algeria,DZA,Individuals using the Internet (% of population),IT.NET.USER.ZS,,,,,,,,,,,,,,,,,,,,,,,,,,,,,,,0,,,,0.0003606736,0.001768954,0.0017385332,0.0102684632,0.0202385545,0.199523843,0.4917056791,0.6461140167,1.5916412604,2.1953597309,4.6344750878,5.843942092,7.3759849563,9.4511906256,10.18,11.23,12.5,14.9,18.2,22.5,29.5,38.2,42.94552688,
East Asia & Pacific (excluding high income),EAP,Individuals using the Internet (% of population),IT.NET.USER.ZS,,,,,,,,,,,,,,,,,,,,,,,,,,,,,,,0,,,0.0011582639,0.0040176702,0.0130588936,0.0336517251,0.0941908498,0.3235464453,0.8531074677,1.8940623183,2.7792797115,4.405035633,5.7615847618,6.8824352202,8.3140271951,10.168537204,14.378806408,19.2584406085,23.7663125363,28.9574820384,32.3822165386,36.0611003034,39.6964037227,42.0464015787,45.2130809268,48.4161275155,
Early-demographic dividend,EAR,Individuals using the Internet (% of population),IT.NET.USER.ZS,,,,,,,,,,,,,,,,,,,,,,,,,,,,,,,0.000245373,,,,0.015026421,0.0455873567,0.0807504575,0.1636095054,0.3440594068,0.6136772992,1.2329200886,1.6890453852,2.8374976868,3.4009454059,4.2090143236,4.8835533176,5.7666032687,7.3329218245,8.4987432472,9.6978576438,12.8354250471,15.4762500931,18.129745642,20.9688841013,25.5160900113,30.323612018,33.5956870151,
East Asia & Pacific,EAS,Individuals using the Internet (% of population),IT.NET.USER.ZS,,,,,,,,,,,,,,,,,,,,,,,,,,,,,,,0.00725637,,,0.0795225146,0.1177737705,0.210585203,0.467733835,1.085084512,1.8889167556,3.4263099978,5.6219434343,7.2981896366,9.049508316,10.6049402811,12.6620157847,14.7196417154,16.6695480674,20.8154929914,25.2995101051,29.55359909,34.2697996826,37.3984393439,40.7375318364,44.6038360585,46.8366418502,49.8297462108,52.9320453188,
Europe & Central Asia (excluding high income),ECA,Individuals using the Internet (% of population),IT.NET.USER.ZS,,,,,,,,,,,,,,,,,,,,,,,,,,,,,,,0,,,0.0090940068,0.0374871267,0.0888167455,0.1883413248,0.3608750494,0.6755214534,1.1032362734,1.9685592006,2.8754082131,5.0069072926,7.2916811247,10.6954208363,12.4163704573,14.9578940838,20.3173862144,23.8289996753,27.3983889077,35.5751350029,40.517851838,48.7994746243,52.7532547606,56.8437708842,60.0666238973,62.3493155992,
Europe & Central Asia,ECS,Individuals using the Internet (% of population),IT.NET.USER.ZS,,,,,,,,,,,,,,,,,,,,,,,,,,,,,,,0.048049244,,0.2623239093,0.3178196554,0.5642581739,1.0229370957,1.8410364233,3.3542494489,5.4293844924,9.2251862843,13.1584001945,16.3866757448,23.0023040807,28.3003467241,32.2831278188,35.146675579,38.0153450373,43.616168668,47.3184365064,50.5406202463,56.094025483,58.8102807631,63.6031494061,66.3236811592,68.9972078866,71.1323155132,73.3545237279,
Ecuador,ECU,Individuals using the Internet (% of population),IT.NET.USER.ZS,,,,,,,,,,,,,,,,,,,,,,,,,,,,,,,0,,0.0051180354,0.0164007513,0.0348335861,0.0438336412,0.0861612756,0.1102179594,0.125272771,0.8233716344,1.4621885356,2.6704436738,4.2607969152,4.4602283447,4.8344426376,5.994255161,7.2,10.8,18.8,24.6,29.03,31.3668083587,35.1351464546,40.279121941,45.5903906666,48.9404337893,54.0629247289,
"Egypt, Arab Rep.",EGY,Individuals using the Internet (% of population),IT.NET.USER.ZS,,,,,,,,,,,,,,,,,,,,,,,,,,,,,,,0,,,0.0009757914,0.0063832696,0.0313196382,0.0614668989,0.0904802447,0.1479873769,0.2904452783,0.6412650375,0.8389456115,2.7199997147,4.0378851071,11.92,12.75,13.66,16.03,18.01,20,21.6,25.6,26.4,29.4,33.8946039115,37.8193834277,41.2480670886,
Euro area,EMU,Individuals using the Internet (% of population),IT.NET.USER.ZS,,,,,,,,,,,,,,,,,,,,,,,,,,,,,,,0.0724591233,0.1690421823,0.3255539838,0.4691321697,0.8465150156,1.6996575727,2.8783532924,5.0929677237,7.9956777497,15.1824381799,22.4474959418,27.2998757786,35.0566518978,41.9773718832,47.3403241695,51.1173386412,54.8010347405,61.258255664,64.7327043685,67.0430159207,70.9660047821,71.9737843049,74.098202222,75.852769511,77.1195896541,78.7955364567,80.5799712009,
Eritrea,ERI,Individuals using the Internet (% of population),IT.NET.USER.ZS,,,,,,,,,,,,,,,,,,,,,,,,,,,,,,,0,,,0,0,0,0,0.009017718,0.0087742363,0.0254950285,0.1367119411,0.1578152893,0.2270901376,,,,,0.41,0.47,0.54,0.61,0.7,0.8,0.9,0.99,1.0837331157,1.1771187202,
Spain,ESP,Individuals using the Internet (% of population),IT.NET.USER.ZS,,,,,,,,,,,,,,,,,,,,,,,,,,,,,,,0.0128735644,0.0256861938,0.0768454532,0.1276896679,0.2800697384,0.380800728,1.3318474035,2.8033196254,4.3618923938,7.0850396784,13.624960809,18.1487226903,20.39,39.93,44.01,47.88,50.37,55.11,59.6,62.4,65.8,67.0899993927,69.809999942,71.635,76.19,78.6896,80.5613329432,
Estonia,EST,Individuals using the Internet (% of population),IT.NET.USER.ZS,,,,,,,,,,,,,,,,,,,,,,,,,,,,,,,0,,0.065484797,0.3007112824,1.1597509128,2.7789684886,3.5251111291,5.7062765476,10.7960348323,14.500897243,28.5769538106,31.5274897674,41.52,45.32,53.2,61.45,63.51,66.19,70.58,72.5,74.1,76.5,78.3899259259,80.0043,84.2415280294,88.4118116024,87.237332092,
Ethiopia,ETH,Individuals using the Internet (% of population),IT.NET.USER.ZS,,,,,,,,,,,,,,,,,,,,,,,,,,,,,,,0,,,,,1.75491225386083E-05,0.0017034483,0.0049667205,0.0096635174,0.0125415989,0.0152637672,0.0371623811,0.0724022619,0.1058116588,0.1553345208,0.219659819,0.3105926569,0.37,0.45,0.54,0.75,1.1,2.9,4.6,7.7,13.8551755556,15.3669238596,
European Union,EUU,Individuals using the Internet (% of population),IT.NET.USER.ZS,,,,,,,,,,,,,,,,,,,,,,,,,,,,,,,0.0691553312,0.1715107683,0.3099230955,0.4336103482,0.8264714451,1.580024516,2.8037701768,5.1107568669,8.4091992566,14.5487802789,20.5126816668,25.2754236381,35.0692535277,41.7717081703,46.771782622,50.9245603455,54.5192847998,60.2946655248,64.2176431307,67.2779882805,70.71315032,71.6302500796,73.8341400913,75.6867709975,77.3122650935,78.6361720479,80.9424276585,
Fragile and conflict affected situations,FCS,Individuals using the Internet (% of population),IT.NET.USER.ZS,,,,,,,,,,,,,,,,,,,,,,,,,,,,,,,0,,,,,,,,0.0754383305,0.13117754,0.2638679562,0.2563545696,0.5331901306,0.7633977675,1.0755894562,1.4988752275,1.9124502148,2.9827226633,3.0282388995,3.9191458586,6.0480945214,6.8837778473,8.481737554,10.307892585,12.4053529862,15.4698080114,17.4135600921,
Finland,FIN,Individuals using the Internet (% of population),IT.NET.USER.ZS,,,,,,,,,,,,,,,,,,,,,,,,,,,,,,,0.4010876695,1.3974393322,1.8868797702,2.5684613494,4.9150985536,13.9003038881,16.7800752606,19.4586827951,25.4525249254,32.295092289,37.2484617371,43.1053633522,62.43,69.22,72.39,74.48,79.66,80.78,83.67,82.49,86.89,88.7099949135,89.8799979742,91.5144,86.5303927529,86.4221333325,87.7036499599,
Fiji,FJI,Individuals using the Internet (% of population),IT.NET.USER.ZS,,,,,,,,,,,,,,,,,,,,,,,,,,,,,,,0,,,0.0066784474,0.0079073991,0.0091153429,0.0644371416,0.2234548417,0.6331678655,0.9424620628,1.496854734,1.8579785936,6.1526497001,6.7254347382,7.4129434854,8.4536366337,9.6000384002,10.8978310455,13,17,20,28,33.7423567521,35.2,37.4,42.5,46.5069783122,
France,FRA,Individuals using the Internet (% of population),IT.NET.USER.ZS,,,,,,,,,,,,,,,,,,,,,,,,,,,,,,,0.0527778616,0.1401138954,0.2790494633,0.5906193834,0.8998674253,1.6379472445,2.5840339791,4.2550038717,6.3197787218,9.1253178886,14.3079239431,26.3259035522,30.18,36.14,39.15,42.87,46.87,66.09,70.68,71.58,77.28,77.8199989927,81.44,81.9198,83.75,84.6945,85.6221999508,
Faroe Islands,FRO,Individuals using the Internet (% of population),IT.NET.USER.ZS,,,,,,,,,,,,,,,,,,,,,,,,,,,,,,,0,,,,,0,2.3187868107,4.6012975659,11.3378684807,22.2975383518,32.9163923634,43.2469835229,53.2992218314,58.9126409695,66.5335994677,67.9026317414,69.3594451244,75.98,75.57,75.18,75.2,80.7321728,85.3351892392,90,93.3,94.2,95.108681672,
"Micronesia, Fed. Sts.",FSM,Individuals using the Internet (% of population),IT.NET.USER.ZS,,,,,,,,,,,,,,,,,,,,,,,,,,,,,,,0,,,,,,0.2780377946,0.570676845,1.8587187851,2.7975940691,3.7348621369,4.6605271988,5.5700997048,9.2325021004,11.0178673082,11.8813690993,12.7503392501,13.6211327334,14.49,15.35,20,22.8,25.974423003,27.8,29.65,31.5010812753,33.3521625523,
Gabon,GAB,Individuals using the Internet (% of population),IT.NET.USER.ZS,,,,,,,,,,,,,,,,,,,,,,,,,,,,,,,0,,,,,,0,0.0479990086,0.1701248802,0.2490095645,1.2161406183,1.3476202216,1.9395301062,2.6595865939,2.9790698004,4.8932647497,5.4892008028,5.7670045756,7.5,9.5,13,18,24,30.53803344,38.07120929,45.78453653,48.0522737506,
United Kingdom,GBR,Individuals using the Internet (% of population),IT.NET.USER.ZS,,,,,,,,,,,,,,,,,,,,,,,,,,,,,,,0.0873553193,0.1742309225,0.2606151595,0.519762001,1.0366091657,1.895168284,4.1236503357,7.3853989566,13.6699830957,21.2936382666,26.8217543509,33.4810948744,56.48,64.82,65.61,70,68.82,75.09,78.39,83.56,85,85.3799985496,87.4799984242,89.8441,91.61,92.0003,94.7758006319,
Georgia,GEO,Individuals using the Internet (% of population),IT.NET.USER.ZS,,,,,,,,,,,,,,,,,,,,,,,,,,,,,,,0,,,,,0.0118368854,0.0400654188,0.0609303331,0.1028309568,0.4163435667,0.4847462985,0.9923444361,1.5878756298,2.5588164807,3.8862213535,6.0794576287,7.5268768449,8.26,10.01,20.07,26.9,31.52,36.94,43.3,44,47.5697596439,58.0061615743,
Ghana,GHA,Individuals using the Internet (% of population),IT.NET.USER.ZS,,,,,,,,,,,,,,,,,,,,,,,,,,,,,,,0,,,,,0.0003479176,0.005648763,0.0275375418,0.0322404432,0.1048954662,0.1536152976,0.2000080603,0.8302840338,1.193057911,1.7167977039,1.831197461,2.7231759731,3.85,4.27,5.44,7.8,9,10.6,15,25.51773743,31.44785241,34.66600065,
Gibraltar,GIB,Individuals using the Internet (% of population),IT.NET.USER.ZS,,,,,,,,,,,,,,,,,,,,,,,,,,,,,,,0,,,,,,,2.6629072682,4.1837943287,5.9369782972,19.1316381249,21.171109436,23.6702397457,28.3257797921,32.8860826098,39.0701308849,45.2986475118,51.61,58,65.07,65,65,65.017,,,,94.4444715818,
Guinea,GIN,Individuals using the Internet (% of population),IT.NET.USER.ZS,,,,,,,,,,,,,,,,,,,,,,,,,,,,,,,0,,,,0.0001383185,0.0006685894,0.0019489419,0.0038031085,0.0062033685,0.0608089192,0.0954249236,0.1755418685,0.4020227487,0.4509603708,0.5088193323,0.542254181,0.637492123,0.7800252791,0.92,0.94,1,2,3.1,4.5,6.4,8.2,9.8,
"Gambia, The",GMB,Individuals using the Internet (% of population),IT.NET.USER.ZS,,,,,,,,,,,,,,,,,,,,,,,,,,,,,,,0,,,,,0.0092175413,0.0355073602,0.051311347,0.2060944605,0.7158270148,0.9217949191,1.3367911665,1.796779883,2.4367811931,3.3080034781,3.7990011388,5.2376911584,6.2050374185,6.88,7.63,9.2,10.8703,12.4492287209,14,15.56,16.5,18.5,
Guinea-Bissau,GNB,Individuals using the Internet (% of population),IT.NET.USER.ZS,,,,,,,,,,,,,,,,,,,,,,,,,,,,,,,0,,,,,,,0.0163890633,0.0240604205,0.1177024482,0.2301031706,0.2995691447,1.0229932344,1.3541974776,1.8081422034,1.9013653161,2.0571967045,2.2063022375,2.3548887109,2.3032805917,2.45,2.672,2.8939906209,3.1,3.32,3.540706917,3.7614138323,
Equatorial Guinea,GNQ,Individuals using the Internet (% of population),IT.NET.USER.ZS,,,,,,,,,,,,,,,,,,,,,,,,,,,,,,,0,,,,,,,0.0414622921,0.0944237739,0.0974159447,0.1323546651,0.1652604229,0.3211979972,0.520524272,0.8439302846,1.1497896706,1.2791935964,1.5571230594,1.82,2.13,6,11.5,13.9431821913,16.4,18.86,21.3199999852,23.7799999711,
Greece,GRC,Individuals using the Internet (% of population),IT.NET.USER.ZS,,,,,,,,,,,,,,,,,,,,,,,,,,,,,,,0,0.0487888033,0.0482916025,0.1910622421,0.3781743125,0.7496164775,1.3953607789,1.8496346879,3.2218217856,6.8772921442,9.1388373078,10.935025808,14.67,17.8,21.42,24,32.25,35.88,38.2,42.4,44.4,51.6499951677,55.0699934418,59.8663,63.21,66.835,69.0879154724,
Grenada,GRD,Individuals using the Internet (% of population),IT.NET.USER.ZS,0,,,,,0,,,,,0,,,,,0,0,0,0,0,0,0,0,0,0,0,0,0,0,0,0,0,0,0,0,0,0.2980329823,0.9908838684,1.4848544843,2.4731661473,4.0639079915,5.1281039822,14.7588405455,18.6451821831,19.5706205844,20.487804878,21.3959911693,22.29,23.18,24.05,27,30,32,35,51.6,53.81,55.8564078226,
Greenland,GRL,Individuals using the Internet (% of population),IT.NET.USER.ZS,,,,,,,,,,,,,,,,,,,,,,,,,,,,,,,0,,,,0.0647121209,0.053940342,1.7967191908,7.9545046823,14.6544471692,21.6026133057,31.7478112321,35.4641368916,44.1547890284,54.5342598294,56.0990147611,57.7034045009,59.3616872687,61.07,62.82,62.83,63,64,64.8960100996,65.8,66.7,67.600443481,68.5008736754,
Guatemala,GTM,Individuals using the Internet (% of population),IT.NET.USER.ZS,,,,,,,,,,,,,,,,,,,,,,,,,,,,,,,0,,,,,0.0029980054,0.0195348708,0.0954760215,0.4665904445,0.5926529453,0.7123329045,1.7382017816,3.3917462702,4.5488549085,5.1,5.7,6.5,7.3,8.3,9.3,10.5,12.3,16,19.7,23.4,28.8059415554,34.5093260916,
Guam,GUM,Individuals using the Internet (% of population),IT.NET.USER.ZS,,,,,,,,,,,,,,,,,,,,,,,,,,,,,,,0,,,,0.34845391,0.6595309086,1.3561068883,2.3445716468,4.5012841899,8.4971763229,16.1131270423,25.3802275337,31.1922942556,33.7166817881,36.1617878388,38.5598775576,43.8514430048,46.1504736192,48.4187021509,50.642028382,54.04,57.7,61.5341593079,65.4,69.27,73.139999947,77.0099998932,
Guyana,GUY,Individuals using the Internet (% of population),IT.NET.USER.ZS,,,,,,,,,,,,,,,,,,,,,,,,,,,,,,,0,,,,,,0.0658541147,0.131828033,0.2640881104,3.9663547349,6.6114915657,13.2069864959,,,,,,13.8,18.2,23.9,29.9,30,30.5,31,32,34,35.66,
High income,HIC,Individuals using the Internet (% of population),IT.NET.USER.ZS,,,,,,,,,,,,,,,,,,,,,,,,,,,,,,,0.2521756283,0.4597900754,0.6916994015,0.9627642021,1.9204186101,3.5216862492,6.4155115347,10.1276186903,15.2248374897,22.0653246708,29.6833624009,35.639563954,43.7803999045,48.3689973181,53.5093030475,57.1504336937,59.8799671053,65.2586017385,67.3789809706,68.789196392,71.1909331902,71.9373797739,74.6976108262,76.1605521444,77.9236447623,79.5458975045,81.6601350836,
"Hong Kong SAR, China",HKG,Individuals using the Internet (% of population),IT.NET.USER.ZS,,,,,,,,,,,,,,,,,,,,,,,,,,,,,,,0,0.1209554443,0.8495278834,1.3345680312,2.7841982664,3.2186356429,4.7488386715,10.5187570476,14.5459795803,21.230681975,27.8277606813,38.671403231,43.0823830279,52.2000433497,56.3998803935,56.9,60.8,64.8,66.7,69.4,72,72.2,72.9,74.2,79.8662704309,84.9483529634,87.4778462648,
Honduras,HND,Individuals using the Internet (% of population),IT.NET.USER.ZS,,,,,,,,,,,,,,,,,,,,,,,,,,,,,,,0,,,,,0.0367752524,0.0437112456,0.1709964682,0.3012472137,0.5735754761,1.2038559989,1.4152819312,2.5974025974,4.8,5.6,6.5,7.8,9.4,9.6,9.8,11.09,15.9,18.12,17.8,19.08,27.6198138138,30,
Heavily indebted poor countries (HIPC),HPC,Individuals using the Internet (% of population),IT.NET.USER.ZS,,,,,,,,,,,,,,,,,,,,,,,,,,,,,,,0,,,,,,0.0087981975,0.0240838942,0.0441336488,0.1076274274,0.1750876603,0.2586566193,0.3934812505,0.6055729199,0.9168289458,1.2108998297,1.5545359618,2.3279533414,2.5124027924,3.1269123052,4.7230774048,5.33755307,6.6006513775,8.0601438087,10.3839468028,13.3527987718,15.5688414397,
Croatia,HRV,Individuals using the Internet (% of population),IT.NET.USER.ZS,,,,,,,,,,,,,,,,,,,,,,,,,,,,,,,0,,,0.097213389,0.2683189965,0.5140285898,0.8589823679,1.7296093115,3.2732202792,4.4053591194,6.6448825437,11.5585731812,17.76,22.75,30.91,33.14,37.98,41.44,44.24,50.58,56.55,57.7899789891,61.9399731528,66.7476,68.57,69.8031,72.6973060459,
Haiti,HTI,Individuals using the Internet (% of population),IT.NET.USER.ZS,,,,,,,,,,,,,,,,,,,,,,,,,,,,,,,0,,,,,,0.0074842531,,0.0239994768,0.0706584781,0.2312707146,0.3408323262,0.8934329883,1.6473583456,5.4012619076,6.376201635,6.7960004805,7.2,7.6,8.1,8.37,9,9.8,10.6,11.4,12.1977,12.232601607,
Hungary,HUN,Individuals using the Internet (% of population),IT.NET.USER.ZS,,,,,,,,,,,,,,,,,,,,,,,,,,,,,,,0,0.0033826302,0.048353421,0.1934143946,0.4835809752,0.6774860544,0.9692395356,1.9424498722,3.8946432784,5.8578407491,6.9996763506,14.5285543028,16.67,21.63,27.74,38.97,47.06,53.3,61,62,65,68.0199878861,70.5799981538,72.6439,75.6531974544,72.8347,79.2594013162,
IBRD only,IBD,Individuals using the Internet (% of population),IT.NET.USER.ZS,,,,,,,,,,,,,,,,,,,,,,,,,,,,,,,0,,,0.0081478042,0.0191468779,0.0514377696,0.1103424561,0.218467575,0.4938098925,0.967901239,1.869143689,2.688054911,4.4953931658,5.7724013894,7.3861611725,8.6871287771,10.5235223929,13.7357683008,16.9458663007,20.2859659211,24.8150637575,28.307863697,32.0890596499,35.1522111411,38.7820493158,42.715717883,45.8760027275,
IDA & IBRD total,IBT,Individuals using the Internet (% of population),IT.NET.USER.ZS,,,,,,,,,,,,,,,,,,,,,,,,,,,,,,,0,,,,0.0185919683,0.0462662202,0.0934527678,0.1798594725,0.4030929475,0.7828586225,1.5627241602,2.193775444,3.6749514983,4.7878754677,6.131477628,7.2481558711,8.866094621,11.4500810775,14.0822424665,16.8119492961,20.5457673879,23.3819446229,26.5625636349,29.2427872364,32.638431928,36.2890572472,39.1761902297,
IDA total,IDA,Individuals using the Internet (% of population),IT.NET.USER.ZS,,,,,,,,,,,,,,,,,,,,,,,,,,,,,,,0,,,,,,0.0059257404,0.0182678699,0.0356415588,0.0788006432,0.1679520212,0.3836735789,0.7088765388,1.2678879597,1.6917876874,2.2036663746,2.919438197,3.6891157466,4.2321760284,5.0135105189,6.4653122092,7.481192704,8.970230107,10.7837852636,13.7030008565,16.7379638876,19.0625292791,
IDA blend,IDB,Individuals using the Internet (% of population),IT.NET.USER.ZS,,,,,,,,,,,,,,,,,,,,,,,,,,,,,,,0,,,,,,0.0071349611,0.0255556616,0.0451599427,0.0835712105,,0.7241070016,1.4213492155,2.741403753,3.5440784327,4.5113076586,5.5932564362,6.3676862166,7.1222482306,8.1147610235,9.5724928229,11.2440420222,13.2052137297,15.4474429805,17.8048892839,21.1188304739,23.063194607,
Indonesia,IDN,Individuals using the Internet (% of population),IT.NET.USER.ZS,,,,,,,,,,,,,,,,,,,,,,,,,,,,,,,0,,,,0.0010597444,0.0261094772,0.0566239887,0.1949102636,0.2553066463,0.444415936,0.9255638645,2.0186138595,2.134135733,2.3870197796,2.6002858763,3.6020247626,4.7648131337,5.7862747293,7.9174793849,6.92,10.92,12.28,14.52,14.94,17.14,21.9760677113,25.3663005864,
IDA only,IDX,Individuals using the Internet (% of population),IT.NET.USER.ZS,,,,,,,,,,,,,,,,,,,,,,,,,,,,,,,0,,,,,,,0.0140262697,0.0302805934,0.0763260016,0.1412318089,0.212667853,0.3506153885,0.531666672,0.7681172714,1.046948729,1.5102717871,2.3533262664,2.7342014415,3.405774784,4.8937920595,5.6016843745,6.8526004617,8.4756816049,11.6710882222,14.5664672554,17.0787938248,
Isle of Man,IMN,Individuals using the Internet (% of population),IT.NET.USER.ZS,,,,,,,,,,,,,,,,,,,,,,,,,,,,,,,,,,,,,,,,,,,,,,,,,,,,,,,,,,
India,IND,Individuals using the Internet (% of population),IT.NET.USER.ZS,,,,,,,,,,,,,,,,,,,,,,,,,,,,,,,0,,0.0001113077,0.0002181757,0.0010695624,0.0262288788,0.0463339767,0.0707678487,0.1390273288,0.2732242767,0.5275324499,0.660146377,1.5378755818,1.6864899706,1.9761364919,2.388075,2.8054998653,3.95,4.38,5.12,7.5,10.07,12.5800609139,15.1,21,26,29.5471628859,
Not classified,INX,Individuals using the Internet (% of population),IT.NET.USER.ZS,,,,,,,,,,,,,,,,,,,,,,,,,,,,,,,,,,,,,,,,,,,,,,,,,,,,,,,,,,
Ireland,IRL,Individuals using the Internet (% of population),IT.NET.USER.ZS,,,,,,,,,,,,,,,,,,,,,,,,,,,,,,,0,0.0567960443,0.1696863772,0.2811410051,0.5583772218,1.1083863281,2.1993018316,4.08825507,8.0960100434,10.9338085895,17.8504672406,23.1388121904,25.85,34.31,36.99,41.61,54.82,61.158324551,65.34,67.38,69.85,74.8899729671,76.9199925401,78.2477,83.4917223352,83.4947916667,85.0111321151,
"Iran, Islamic Rep.",IRN,Individuals using the Internet (% of population),IT.NET.USER.ZS,,,,,,,,,,,,,,,,,,,,,,,,,,,,,,,0,,,,0.000408332,0.0041797524,0.0158260802,0.0467560941,0.0998152205,0.3785690945,0.93419002,1.4842213316,4.6261751149,6.933721953,7.49,8.1,8.76,9.47,12.02,13.8,15.9,19,22.73,29.95,39.35,45.3349758847,53.2267726334,
Iraq,IRQ,Individuals using the Internet (% of population),IT.NET.USER.ZS,,,,,,,,,,,,,,,,,,,,,,,,,,,,,,,0,,,,,,,,,,,0.1,0.5,0.6,0.9,0.9,0.9523442438,0.93,1,1.06,2.5,5,7.1,9.2,13.21,17.22,21.23,
Iceland,ISL,Individuals using the Internet (% of population),IT.NET.USER.ZS,,,,,,,,,,,,,,,,,,,,,,,,,,,,,,,0,0.5051290022,1.5391600803,2.6678252651,6.7948117837,11.2158756982,14.8064793153,27.4788687499,36.2642065029,41.2945667123,44.4705338243,49.3929953676,79.12,83.14,83.88,87,89.51,90.6,91,93,93.39,94.8196868009,96.2097995546,96.5468,98.16,98.2,98.2400162999,
Israel,ISR,Individuals using the Internet (% of population),IT.NET.USER.ZS,,,,,,,,,,,,,,,,,,,,,,,,,,,,,,,0.1107738662,0.2146240998,0.3105791971,0.3988333327,0.5769664604,0.9304229703,2.1683676005,4.3994054819,10.3070699457,13.4361219053,20.8737899982,17.3786238639,17.764599063,19.593393658,22.7704855254,25.1940424217,27.8810744577,48.1280621948,59.39,63.12,67.5,68.8738779907,70.8,70.250311945,75.0177531628,77.3520896572,79.6531241815,
Italy,ITA,Individuals using the Internet (% of population),IT.NET.USER.ZS,,,,,,,,,,,,,,,,,,,,,,,,,,,,,,,0.0175445624,0.0350632556,0.0700534326,0.1224620527,0.1923046195,0.5244127875,1.0232899033,2.276737834,4.5585195654,14.3784101929,23.1108742441,27.2221169789,28.04,29.04,33.24,35,37.99,40.79,44.53,48.83,53.68,54.3899983019,55.8299979933,58.4593,55.6384602242,58.1417349569,61.3242527666,
Jamaica,JAM,Individuals using the Internet (% of population),IT.NET.USER.ZS,,,,,,,,,,,,,,,,,,,,,,,,,,,,,,,0,,,,0.0368171041,0.1094879855,0.5911458417,0.7977974408,1.9787263176,2.355688556,3.1157780273,3.8630203875,6.1,7.8,10,12.8,16.4,21.1,23.6,24.3,27.67,37.4386134148,33.79,37.1,40.4027351047,42.2212211907,45,
Jordan,JOR,Individuals using the Internet (% of population),IT.NET.USER.ZS,,,,,,,,,,,,,,,,,,,,,,,,,,,,,,,0,,,,,0.02323392,0.0449385488,0.599341106,1.3058882643,2.5269653526,2.6232754216,4.7057195809,6.0255324119,8.4660050162,11.6587413706,12.9328520458,13.8671087882,20,23,26,27.2,34.9,37,41.4,46.2,60.1143826895,62.3021925671,
Japan,JPN,Individuals using the Internet (% of population),IT.NET.USER.ZS,,,,,,,,,,,,,,,,,,,,,,,,,,,,,,,0.0202936829,0.040438041,0.0966780254,0.4012775264,0.799684291,1.5943631482,4.3729819682,9.1630771403,13.414040882,21.3912903124,29.9907403589,38.5320608613,46.594201118,48.43526589,62.3939296327,66.9210661043,68.6852703214,74.3,75.4,78,78.21,79.0541135245,79.4964,88.219428911,89.1068330166,91.058028393,93.1827212822,
Kazakhstan,KAZ,Individuals using the Internet (% of population),IT.NET.USER.ZS,,,,,,,,,,,,,,,,,,,,,,,,,,,,,,,0,,,,0.0005210789,0.0113023546,0.031824512,0.0645967541,0.131069604,0.4642772175,0.6685944026,1.006124211,1.6747709952,2.0004147527,2.650394657,2.9617074915,3.2683690512,4.02,11,18.2,31.6,50.6,61.9066274652,63.30422443,66,70.8299335957,74.5877264736,
Kenya,KEN,Individuals using the Internet (% of population),IT.NET.USER.ZS,,,,,,,,,,,,,,,,,,,,,,,,,,,,,,,0,,,,,0.0007274822,0.0088391149,0.0344060509,0.0502613877,0.1142560282,0.3180597136,0.6197822662,1.2077738849,2.941902861,3.0235280421,3.1018977025,3.6,4.4,5.2,6.1,7.2,8.8,10.5,13,16.5,21,26,
Kyrgyz Republic,KGZ,Individuals using the Internet (% of population),IT.NET.USER.ZS,,,,,,,,,,,,,,,,,,,,,,,,,,,,,,,0,,,,,,,,0.0728083339,0.2047113498,1.0414011447,3.0029413272,2.99926518,3.9087662683,5.0903853073,10.5338013406,12.3069069959,14.03,15.7,16,16.3,17.5,19.8,23,28.3,30.2470427753,34.5,
Cambodia,KHM,Individuals using the Internet (% of population),IT.NET.USER.ZS,,,,,,,,,,,,,,,,,,,,,,,,,,,,,,,0,,,,,,,0.0058449106,0.0163249861,0.0319695777,0.0470226401,0.0769560556,0.2269832377,0.2605701976,0.3004366444,0.3173217811,0.4683567201,0.49,0.51,0.53,1.26,3.1,4.94,6.8,14,22.32743536,32.3984517142,
Kiribati,KIR,Individuals using the Internet (% of population),IT.NET.USER.ZS,,,,,,,,,,,,,,,,,,,,,,,,,,,,,,,0,,,,,,,,0.6165456182,1.2115778378,1.785225474,2.3374589484,2.5,3,3.5,4,4.5,6,7,8.97,9.07,10,10.7467976842,11.5,12.25,12.9974838941,13.7,
St. Kitts and Nevis,KNA,Individuals using the Internet (% of population),IT.NET.USER.ZS,,,,,,,,,,,,,,,,,,,,,,,,,,,,,,,0,,,,,,1.9455698231,2.2585599422,3.3438106066,4.400440044,5.8628102404,7.7147265558,21.1523817582,22.9697842928,24.7376775444,34,38.5,43.5,49.2,55.7,63,63.2,64,64.6,68,75.7,76.8176749076,
"Korea, Rep.",KOR,Individuals using the Internet (% of population),IT.NET.USER.ZS,,,,,,,,,,,,,,,,,,,,,,,,,,,,,,,0.0232650924,0.0461244347,0.0984043371,0.2499465228,0.3113593643,0.8196866701,1.6242371918,3.600801564,6.7818154677,23.5521944497,44.7,56.6,59.4,65.5,72.7,73.5,78.1,78.8,81,81.6,83.7,83.7591201534,84.07,84.77,87.5568264945,89.6486308572,92.8430256796,
Kuwait,KWT,Individuals using the Internet (% of population),IT.NET.USER.ZS,,,,,,,,,,,,,,,,,,,,,,,,,,,,,,,0,,,0.0910822446,0.1471627031,0.2028984331,0.8556623169,2.1745358589,3.0523974547,4.7562222088,6.7313957684,8.5517924343,10.2489679289,22.4029383805,22.927112036,25.9261083689,28.791197955,34.8,42,50.8,61.4,65.7690706867,70.45,75.46,78.7,77.52326901,78.36738376,
Latin America & Caribbean (excluding high income),LAC,Individuals using the Internet (% of population),IT.NET.USER.ZS,,,,,,,,,,,,,,,,,,,,,,,,,,,,,,,0,,0.0138297985,0.0279027483,0.0473981422,0.100298615,0.2960198048,0.5898272796,1.1745267458,1.7718690046,3.075194613,4.6825532724,8.1161878989,10.5912753839,13.6916865055,15.9475828111,20.1667131977,22.9969382257,25.7576161747,30.1978534468,33.3134722572,37.7778661347,41.4960604821,44.5193144741,46.8168461898,52.6272372688,55.1725833836,
Lao PDR,LAO,Individuals using the Internet (% of population),IT.NET.USER.ZS,,,,,,,,,,,,,,,,,,,,,,,,,,,,,,,0,,,,,,,,0.009657814,0.0377807083,0.1110440323,0.1816644607,0.2678992413,0.3339124664,0.3614344903,0.8503574903,1.1698934277,1.64,3.55,6,7,9,10.7476761891,12.5,14.26,18.2,21.87,
Lebanon,LBN,Individuals using the Internet (% of population),IT.NET.USER.ZS,,,,,,,,,,,,,,,,,,,,,,,,,,,,,,,0,,,,,0.0716179908,0.1401669388,1.2410797394,2.7223521994,5.376809498,7.9527437364,6.7832197753,7,8,9,10.14,15,18.74,22.53,30.14,43.68,52,61.2497857183,70.5,73,74,76.11,
Liberia,LBR,Individuals using the Internet (% of population),IT.NET.USER.ZS,,,,,,,,,,,,,,,,,,,,,,,,,,,,,,,0,,,,,,,0.0044894426,0.0040993872,0.0113287319,0.0177027057,0.0338122272,0.0327133071,0.0318689345,0.0310111848,,,0.5513765806,0.53,2,2.3,2.5,2.6,3.2,5.41,5.9038676028,7.3191064114,
Libya,LBY,Individuals using the Internet (% of population),IT.NET.USER.ZS,,,,,,,,,,,,,,,,,,,,,,,,,,,,,,,0,,,,,,,,,0.1336172892,0.1870426223,0.3665331753,2.2444182217,2.8145179874,3.5328381615,3.9177879771,4.3010517891,4.7219993785,9,10.8,14,14,,16.5,17.76,19.0160797816,20.2721595627,
St. Lucia,LCA,Individuals using the Internet (% of population),IT.NET.USER.ZS,,,,,,,,,,,,,,,,,,,,,,,,,,,,,,,0,,,,,0.3056566864,0.6704659739,0.9921684834,1.3049889728,1.9321058021,5.0904833414,8.1818639545,14.6418357747,20.9824734633,21.3952123628,21.5675829464,24.5,27.9,30,31,32.5,34,34.82,36,36.6,42.5309304744,46.7290780592,
Latin America & Caribbean,LCN,Individuals using the Internet (% of population),IT.NET.USER.ZS,,,,,,,,,,,,,,,,,,,,,,,,,,,,,,,0,,0.0136635582,0.0299056631,0.0501841867,0.1101044009,0.3089489601,0.6090415616,1.2290997642,2.0515661127,3.8893056662,5.633607561,8.8626014554,11.2714432914,14.3986231088,16.6217218793,20.7559931657,23.7125673926,26.5097957343,31.0394181688,34.7118892337,39.3525378219,43.1824341332,46.2610778058,48.7782387862,54.3040032558,56.8413099117,
Least developed countries: UN classification,LDC,Individuals using the Internet (% of population),IT.NET.USER.ZS,,,,,,,,,,,,,,,,,,,,,,,,,,,,,,,0,,,,,,,0.0086045612,0.0212450619,0.0580581306,0.1002646254,0.1450986613,0.23486426,0.3549351544,0.5546895529,0.7824841098,1.1204286059,1.8525117436,2.1222032833,2.7027619087,4.1289088169,4.7674487753,6.0268591231,7.4995154175,10.412779728,13.2183530561,15.6120419673,
Low income,LIC,Individuals using the Internet (% of population),IT.NET.USER.ZS,,,,,,,,,,,,,,,,,,,,,,,,,,,,,,,0,,,,,,0.0029599575,0.012400065,0.0290908246,0.0727118954,0.1134389013,0.1739717257,0.3294579861,0.5276210647,0.7913017729,1.0724906373,1.4128750221,1.9316722136,2.5770585014,3.2766317603,4.3399820892,4.8966913826,5.9447434049,7.3431151592,8.9998443697,11.7475980819,13.5478616838,
Liechtenstein,LIE,Individuals using the Internet (% of population),IT.NET.USER.ZS,,,,,,,,,,,,,,,,,,,,,,,,,,,,,,,0,,,,,,,,,,36.5152298938,45.1168526484,59.470710675,58.8096918372,64.0074481394,63.371356147,64.2141613631,65.0802184432,70,75,80,85,89.4077,93.8,95.21,96.6411950959,98.0939038922,
Sri Lanka,LKA,Individuals using the Internet (% of population),IT.NET.USER.ZS,,,,,,,,,,,,,,,,,,,,,,,,,,,,,,,0,,,,0.0027654482,0.0054844358,0.0544644985,0.1624645482,0.2963511043,0.3484144249,0.6474100109,0.7938218644,1.0504227059,1.4585802284,1.4461599804,1.7920467939,2.537566129,3.88,5.8,8.78,12,15,18.2854,21.9,25.8,29.9887375493,32.0510027436,
Lower middle income,LMC,Individuals using the Internet (% of population),IT.NET.USER.ZS,,,,,,,,,,,,,,,,,,,,,,,,,,,,,,,0,,,,0.0021268692,0.0227872358,0.0398382476,0.0747634049,0.1590251621,0.2791170045,0.5640341799,0.8750304673,1.5980918439,2.0958149619,2.9148953375,3.675549093,4.5653374482,5.746870828,6.7773388172,7.8322899472,10.7891193454,13.0025590032,15.5291505289,18.1593339275,22.6011122053,26.7395291096,29.8757623064,
Low & middle income,LMY,Individuals using the Internet (% of population),IT.NET.USER.ZS,,,,,,,,,,,,,,,,,,,,,,,,,,,,,,,0,,,,0.0134554003,0.038027063,0.0781980256,0.1553020371,0.3542191553,0.6995149028,1.4000211893,1.9946522508,3.3936626626,4.4714934659,5.7397615137,6.8142573352,8.3704765481,10.920993232,13.5276772925,16.1975960731,19.8704787137,22.6820222282,25.8682657339,28.6727620945,32.0630105272,35.7449321901,38.6231604885,
Lesotho,LSO,Individuals using the Internet (% of population),IT.NET.USER.ZS,,,,,,,,,,,,,,,,,,,,,,,,,,,,,,,0,,,,,,0.0028459396,0.0055844333,0.0109565327,0.0538044595,0.2118060704,0.2611500631,1.0839431374,1.5324965902,2.1755243393,2.5802454842,2.9797081872,3.4454312597,3.58,3.72,3.86,7,10,15,22,25,27.36,
Late-demographic dividend,LTE,Individuals using the Internet (% of population),IT.NET.USER.ZS,,,,,,,,,,,,,,,,,,,,,,,,,,,,,,,0,,,0.009968152,0.0277858314,0.0594531148,0.1405960135,0.2695919326,0.6299130406,1.2671741729,2.4698421681,3.5599199177,5.9139213362,8.0296815364,10.3777106549,12.2838510772,15.1364087343,19.973829445,25.1977932684,30.5982464278,36.0336827218,40.0493908489,44.7109969303,48.3688675423,50.9510253175,53.6203439048,56.4925298931,
Lithuania,LTU,Individuals using the Internet (% of population),IT.NET.USER.ZS,,,,,,,,,,,,,,,,,,,,,,,,,,,,,,,0,,,,,,0.2774212914,0.9784221573,1.972063745,2.9230547,6.4270674948,7.1793569938,17.69,25.91,31.23,36.22,43.9,49.9,55.22,59.76,62.12,63.6399774002,67.2299893276,68.4529,72.13,71.378,74.3766455619,
Luxembourg,LUX,Individuals using the Internet (% of population),IT.NET.USER.ZS,,,,,,,,,,,,,,,,,,,,,,,,,,,,,,,0,,0.1531987908,0.3021551214,0.4964861195,1.590941911,5.5516533065,7.1427040849,11.7455537206,17.3879577959,22.8873279731,36.1634225063,39.84,54.55,65.88,70,72.51,78.92,82.23,87.31,90.62,90.0298585647,91.9499237417,93.7765,94.67,97.3341,98.1366986658,
Latvia,LVA,Individuals using the Internet (% of population),IT.NET.USER.ZS,,,,,,,,,,,,,,,,,,,,,,,,,,,,,,,0,,,,,,0.8127170717,2.0534547117,3.3152678861,4.3874090553,6.3190620827,7.2193458084,21.94,26.98,38.58,46,53.63,59.17,63.41,66.84,68.42,69.7499545592,73.1199437664,75.2344,75.83,79.2006,79.8420977843,
"Macao SAR, China",MAC,Individuals using the Internet (% of population),IT.NET.USER.ZS,,,,,,,,,,,,,,,,,,,,,,,,,,,,,,,0,,,,0.0369933757,0.2800140857,0.7272735981,2.3641276724,7.0033242446,9.212005085,13.6085897418,22.5212167701,25.1718801643,25.7421239826,31.4840973824,34.8629271734,46.4,47.327,49.24,54,55.198,60.2036967182,61.31,65.8,69.78,77.6001318609,81.6429854646,
St. Martin (French part),MAF,Individuals using the Internet (% of population),IT.NET.USER.ZS,,,,,,,,,,,,,,,,,,,,,,,,,,,,,,,,,,,,,,,,,,,,,,,,,,,,,,,,,,
Morocco,MAR,Individuals using the Internet (% of population),IT.NET.USER.ZS,,,,,,,,,,,,,,,,,,,,,,,,,,,,,,,0,,,,,0.0037104918,0.0056754442,0.0216352031,0.1423007672,0.1755953446,0.6937912448,1.371438101,2.3732531924,3.3533666812,11.607934773,15.084444524,19.7711915653,21.5,33.1,41.3,52,46.107482597,55.4160531915,56,56.8,57.08,58.2712364204,
Monaco,MCO,Individuals using the Internet (% of population),IT.NET.USER.ZS,,,,,,,,,,,,,,,,,,,,,,,,,,,,,,,0,,,,,,,,,,42.184863446,46.646142364,48.047117173,49.4911689195,52.4901966839,55.4648260561,61.4760397135,64.3776824034,67.25,70.1,75,80.3,87,90.7,92.4,93.3633020181,95.2081779701,
Moldova,MDA,Individuals using the Internet (% of population),IT.NET.USER.ZS,,,,,,,,,,,,,,,,,,,,,,,,,,,,,,,0,,,,0.0008253909,0.0034572169,0.004643901,0.0281288084,0.2608182057,0.6006952687,1.2828464167,1.4878129522,3.7872427989,7.4075445842,10.6293908417,14.6302704552,19.6206477052,20.45,23.39,27.5,32.3,38,43.37,60,67,69,70.9999991067,
Madagascar,MDG,Individuals using the Internet (% of population),IT.NET.USER.ZS,,,,,,,,,,,,,,,,,,,,,,,,,,,,,,,0,,,,,,0.0036951957,0.014333647,0.0625610231,0.1686087813,0.196394691,0.2225115862,0.3397201546,0.4232524193,0.5253536549,0.5677218022,0.6075522389,0.65,1.65,1.63,1.7,1.9,2.3,3,3.7,4.17397219,4.7136628995,
Maldives,MDV,Individuals using the Internet (% of population),IT.NET.USER.ZS,0,,,,,0,,,,,0,,,,,0,0,0,0,0,0,0,0,0,0,0,0,0,0,0,0,0,0,0,0,0,0.2269300897,0.3094442381,0.5696274636,1.1199086155,2.2038729394,3.6172906493,5.3477651689,5.9765928499,6.5882548753,6.869605067,11.0363527829,16.3,23.2,24.8,26.53,34,38.9301,44.1,49.28,54.4619551469,59.0925899654,
Middle East & North Africa,MEA,Individuals using the Internet (% of population),IT.NET.USER.ZS,,,,,,,,,,,,,,,,,,,,,,,,,,,,,,,0.0019476877,,,,,0.0370977716,0.0842000371,0.2275824096,0.4857598747,0.9178809934,1.6923366856,2.0854824399,3.7721769619,5.1497482204,8.4349121323,9.8375748492,11.8547442203,15.0759003361,18.7529952901,21.6184156542,24.8726792272,27.835958942,31.6111871158,35.3283433995,40.2402167125,44.3350668166,48.1778971058,
Mexico,MEX,Individuals using the Internet (% of population),IT.NET.USER.ZS,,,,,,,,,,,,,,,,,,,,,,,,,,,,,,,0,0.0058806949,0.0173078099,0.0283050416,0.0433391668,0.1025641899,0.2004062803,0.6273115396,1.2657832782,1.8574362213,5.0813841534,7.0380231165,11.9,12.9,14.1,17.21,19.52,20.81,21.71,26.34,31.05,37.1762954125,39.75,43.46,44.39,57.4310429924,59.5404459967,
Marshall Islands,MHL,Individuals using the Internet (% of population),IT.NET.USER.ZS,,,,,,,,,,,,,,,,,,,,,,,,,,,,,,,0,0,0,0,0,0,0.0370594316,,,0.9660715666,1.5342717962,1.7066140777,2.3354445752,2.5697503671,3.5997768138,3.8787023977,3.7955902143,3.95,4.6,5.6,7,10,12.5,14,16.8,19.2824418035,29.7877793626,
Middle income,MIC,Individuals using the Internet (% of population),IT.NET.USER.ZS,,,,,,,,,,,,,,,,,,,,,,,,,,,,,,,0,,,0.0058323832,0.0137258768,0.0396592249,0.0845772952,0.1683552639,0.3848618104,0.7594930442,1.5300160377,2.1808975362,3.7117462426,4.8859041796,6.2665768947,7.4301161132,9.1186487251,11.9268155701,14.7802809962,17.6982321079,21.6523756043,24.7940917762,28.2700039181,31.2210352326,34.8604583968,38.6997010357,41.7584201167,
"Macedonia, FYR",MKD,Individuals using the Internet (% of population),IT.NET.USER.ZS,,,,,,,,,,,,,,,,,,,,,,,,,,,,,,,0,,,,,0.0407438399,0.0759957341,0.5039850095,1.0028616658,1.4973302601,2.4855663164,3.4681846085,17.33,19.07,24.44,26.45,28.62,36.3,46.04,51.77,51.9,56.7,57.449947313,65.24,68.06,70.3802,72.1568144676,
Mali,MLI,Individuals using the Internet (% of population),IT.NET.USER.ZS,,,,,,,,,,,,,,,,,,,,,,,,,,,,,,,0,,,,,,0.0020552281,0.0100859189,0.0197938882,0.0609098734,0.142545755,0.1858974133,0.2270455785,0.3103644432,0.4328196399,0.507063136,0.7296272808,0.81,1.57,1.8,2,2.2,2.8,3.5,7,10.33,11.1121864891,
Malta,MLT,Individuals using the Internet (% of population),IT.NET.USER.ZS,,,,,,,,,,,,,,,,,,,,,,,,,,,,,,,0,,,,,0.2249956986,1.0515274751,3.9206051323,6.5007839945,7.7597980383,13.1137087111,17.8778483243,28.92,31.64,34.62,41.24,40.41,46.9,50.08,58.86,63,68.0198237885,68.1998742929,68.9138,73.17,76.184,77.2893948185,
Myanmar,MMR,Individuals using the Internet (% of population),IT.NET.USER.ZS,,,,,,,,,,,,,,,,,,,,,,,,,,,,,,,0,,,,,,,,,0.0001517094,,0.0002892774,0.0004264935,0.0240641491,0.024337392,0.0652388555,0.1820483311,0.2171284451,0.22,0.22,0.25,0.98,4,8,11.52,21.72583401,25.07330424,
Middle East & North Africa (excluding high income),MNA,Individuals using the Internet (% of population),IT.NET.USER.ZS,,,,,,,,,,,,,,,,,,,,,,,,,,,,,,,0,,,,0.002879945,0.0133790337,0.02632826,0.0752411774,0.159506093,0.4177993138,0.8418357791,1.1434930343,2.8231748057,4.0610874449,7.5002187816,8.6231844529,9.9933668075,11.9482906028,15.0734935327,17.7876099355,20.7333035222,23.0204479366,26.2741709603,29.8061155579,34.8392581629,39.1394850555,43.104981014,
Montenegro,MNE,Individuals using the Internet (% of population),IT.NET.USER.ZS,,,,,,,,,,,,,,,,,,,,,,,,,,,,,,,,,,,,,,,,,,,,,25.3500686036,27.1,28.9,30.8,32.9,35.1,37.5,35.611541246,56.8387825491,60.31,61,68.1195810359,69.8816468417,
Mongolia,MNG,Individuals using the Internet (% of population),IT.NET.USER.ZS,,,,,,,,,,,,,,,,,,,,,,,,,,,,,,,0,,,,,0.0088112248,0.0181607493,0.1127425537,0.1458105415,0.5084715599,1.2556520036,1.6532382391,2.0395726035,,,,,9,9.8,10,10.2,12.4999911085,16.4,17.699984237,19.9424474349,21.4360311065,22.2657705008,
Northern Mariana Islands,MNP,Individuals using the Internet (% of population),IT.NET.USER.ZS,,,,,,,,,,,,,,,,,,,,,,,,,,,,,,,0,,,,,,,,,,,,,,,,,,,,,,,,,,,
Mozambique,MOZ,Individuals using the Internet (% of population),IT.NET.USER.ZS,,,,,,,,,,,,,,,,,,,,,,,,,,,,,,,0,,,,,,0.0030429788,0.0118426108,0.0201970552,0.056250629,0.10959253,0.1600319466,0.2596126113,0.4195388439,0.6794478354,0.8543571181,0.842954488,0.91,1.56,2.68,4.17,4.3,6,7.29393733,9.236314896,16.93353299,17.5212390868,
Mauritania,MRT,Individuals using the Internet (% of population),IT.NET.USER.ZS,,,,,,,,,,,,,,,,,,,,,,,,,,,,,,,0,,,,,,,0.0041725273,0.0405947949,0.1184644636,0.1920314624,0.261448552,0.3632294146,0.4240048958,0.4814704382,0.6699664749,0.9796612527,1.4336131959,1.87,2.28,4,4.5,5,6.2,10.7,15.1991266908,18,
Mauritius,MUS,Individuals using the Internet (% of population),IT.NET.USER.ZS,,,,,,,,,,,,,,,,,,,,,,,,,,,,,,,0,,,,,,0.1837691579,0.4756291926,2.5652799618,4.652213227,7.281535115,8.7809040189,10.2526246719,12.1871062041,13.6890885885,15.1722287525,16.7,20.22,21.81,22.51,28.33,34.95,35.42,40.116825135,44.8032753683,50.1393184767,52.1913259357,
Malawi,MWI,Individuals using the Internet (% of population),IT.NET.USER.ZS,,,,,,,,,,,,,,,,,,,,,,,,,,,,,,,0,,,,,,,0.004668518,0.0180573652,0.0872787549,0.1267809448,0.1640207253,0.2150947265,0.2788151163,0.347505335,0.3844893341,0.4251374896,0.9658647366,0.7,1.07,2.26,3.33,4.3506,5.05,5.83,9.2981483471,9.6140972962,
Malaysia,MYS,Individuals using the Internet (% of population),IT.NET.USER.ZS,,,,,,,,,,,,,,,,,,,,,,,,,,,,,,,0,,0.0010478224,0.0255384775,0.0996074173,0.1456738367,0.8520444665,2.307393234,6.751770483,12.3055021988,21.3847311645,26.6959725007,32.3382043389,34.9711523397,42.2522656295,48.629170246,51.6379889864,55.7,55.8,55.9,56.3,61,65.8,57.05751226,63.6654258813,71.0640678112,78.7883099275,
North America,NAC,Individuals using the Internet (% of population),IT.NET.USER.ZS,,,,,,,,,,,,,,,,,,,,,,,,,,,,,,,0.7426925026,1.104451959,1.6439445192,2.1635710885,4.6156540453,8.7322329826,15.4607326111,20.9691886367,29.5808361748,35.882812393,43.8869618214,50.1723887895,59.0598206808,61.9421280391,64.8754047396,68.3315571676,69.2739796236,74.8217513215,74.2693498231,71.92675751,72.5503537967,71.0589108031,75.5346975521,72.8512531931,74.4268352717,75.9638260208,77.56345949,
Namibia,NAM,Individuals using the Internet (% of population),IT.NET.USER.ZS,,,,,,,,,,,,,,,,,,,,,,,,,,,,,,,0,,,,,0.0061720509,0.0090321454,0.0587506786,0.2867450934,0.3362177077,1.6447395473,2.4169794417,2.6336997688,3.3598398855,3.8047156153,4.0100466444,4.3988706473,4.8356107783,5.3290037721,6.5,11.6,12,12.9414,13.9,14.84,25.68785182,31.0333459383,
New Caledonia,NCL,Individuals using the Internet (% of population),IT.NET.USER.ZS,,,,,,,,,,,,,,,,,,,,,,,,,,,,,,,0,,,,,0.0051790126,0.2529839456,0.989334969,1.9360428253,5.688147323,13.9395488233,18.2371097828,22.3897974171,26.4083344704,30.2980462088,32.3590147532,33.5157146807,35.05,34.51,33.99,42,50,58,66,70,74.0017527914,,
Niger,NER,Individuals using the Internet (% of population),IT.NET.USER.ZS,,,,,,,,,,,,,,,,,,,,,,,,,,,,,,,0,,,,,,0.0010393045,0.0020087661,0.0029115028,0.0281360223,0.0362612938,0.1051854314,0.1271524688,0.1556987037,0.1899337337,0.2213413515,0.2940339771,0.3903906198,0.7,0.76,0.83,1.3,1.4077,1.7,1.95,2.476219975,4.3227580303,
Nigeria,NGA,Individuals using the Internet (% of population),IT.NET.USER.ZS,,,,,,,,,,,,,,,,,,,,,,,,,,,,,,,0,,,,,,0.0088329804,0.0172374007,0.025231461,0.0410387229,0.0640808079,0.0899013705,0.3204619755,0.5585762449,1.2861376413,3.549155718,5.545036083,6.77,8,9.3,11.5,13.8,16.1,19.1,21,24.5,25.67,
Nicaragua,NIC,Individuals using the Internet (% of population),IT.NET.USER.ZS,,,,,,,,,,,,,,,,,,,,,,,,,,,,,,,0,,,,0.0131662276,0.0300464776,0.0840932914,0.2062168184,0.3038089746,0.4979016433,0.9802164867,1.4487994282,1.7147295843,1.8804125324,2.3206646086,2.5663511766,2.8055730627,3.9,5.3,7.3,10,10.6,13.5,15.5,17.6,19.704291499,24.5718339595,
Netherlands,NLD,Individuals using the Internet (% of population),IT.NET.USER.ZS,,,,,,,,,,,,,,,,,,,,,,,,,,,,,,,0.334386942,0.5314961284,1.3200080283,1.9670877371,3.257308831,6.47315766,9.6490691447,14.065511398,22.2438276874,39.1760072483,43.9843513731,49.3730621073,61.29,64.35,68.52,81,83.7,85.82,87.42,89.63,90.72,91.4199957622,92.8599923595,93.9564,91.666666,91.724137931,90.4109589041,
Norway,NOR,Individuals using the Internet (% of population),IT.NET.USER.ZS,,,,,,,,,,,,,,,,,,,,,,,,,,,,,,,0.7072994482,1.4073951579,2.2163658319,2.7839908462,4.1524502917,6.4232204926,18.2503107686,20.4178814361,22.5601125479,40,52,64,72.84,78.13,77.69,81.99,82.55,86.93,90.57,92.08,93.39,93.4899826515,94.6499780533,95.0534,96.3,96.8103,97.2982036675,
Nepal,NPL,Individuals using the Internet (% of population),IT.NET.USER.ZS,,,,,,,,,,,,,,,,,,,,,,,,,,,,,,0,0,0,0,0,0,0.0009248776,0.0045104728,0.0219988576,0.0643935956,0.1466688692,0.2046516837,0.2400153034,0.3129560601,0.382810917,0.4498436512,0.8265512659,1.1413891639,1.41,1.73,1.97,7.93,9,11.1493,13.3,15.44,17.5816180066,19.6887638366,
Nauru,NRU,Individuals using the Internet (% of population),IT.NET.USER.ZS,,,,,,,,,,,,,,,,,,,,,,,,,,,,,,,0,,,,,,,,,,,2.9871552325,,,,,,,,,,54,,,,,,
New Zealand,NZL,Individuals using the Internet (% of population),IT.NET.USER.ZS,,,,,,,,,,,,,,,,,,,,,,,,,,,,,,,0,,0.2859412414,0.6312153673,3.1687188484,4.88424078,8.041899368,14.6015243991,31.6362608088,41.4944826585,47.3795565432,53.2410152941,59.0807532813,60.9625398664,61.8476278106,62.720212369,69,69.76,72.03,79.7,80.46,81.23,81.6444701795,82.78,85.5,88.222888818,88.4701863471,
OECD members,OED,Individuals using the Internet (% of population),IT.NET.USER.ZS,,,,,,,,,,,,,,,,,,,,,,,,,,,,,,,0.2445914808,0.4312218797,0.6648310696,0.8786829034,1.7706504897,3.3359310361,6.0887491213,9.5375449262,14.2814505794,20.6435700962,27.8900398696,33.4319816006,41.5377360371,45.7459939888,50.5723644255,54.1819458676,56.6426074002,61.902586319,63.938203886,65.3516565392,67.6405300547,68.5583360139,70.9599705607,72.2825276653,73.8941058335,76.5625912457,78.7311322214,
Oman,OMN,Individuals using the Internet (% of population),IT.NET.USER.ZS,,,,,,,,,,,,,,,,,,,,,,,,,,,,,,,0,,,,,,0,0.4397928048,0.8627253061,2.5156659866,3.5204214165,5.8938415215,6.8733960392,7.2557429454,6.7588521702,6.6835814202,8.2997166725,16.68,20,26.8,35.8278,48,60,66.45,70.22,66.1338112722,69.9291925745,
Other small states,OSS,Individuals using the Internet (% of population),IT.NET.USER.ZS,,,,,,,,,,,,,,,,,,,,,,,,,,,,,,,0,,,,,,0.8619401555,1.4820748402,2.5351329641,3.3500779652,5.4040730396,6.6546458149,8.6050018762,10.3448877571,12.1335053799,12.8603222972,14.2260490333,16.0444847938,18.6496871692,20.6277485096,24.1919171702,27.7936250192,31.0933568946,35.9386306329,39.7137343536,43.2865450549,45.7299346232,
Pakistan,PAK,Individuals using the Internet (% of population),IT.NET.USER.ZS,,,,,,,,,,,,,,,,,,,,,,,,,,,,,,,0,,,,,0.0001227019,0.0029917305,0.0275492379,0.0439477193,0.0553572379,,1.3185507793,2.5774267368,5.0411581259,6.1643209853,6.3323290983,6.5,6.8,7,7.5,8,9,9.96,10.9,12,14,15.5145577897,
Panama,PAN,Individuals using the Internet (% of population),IT.NET.USER.ZS,,,,,,,,,,,,,,,,,,,,,,,,,,,,,,,0,,,,0.0076368991,0.0561230427,0.219998526,0.5390655407,2.7506480714,3.8368645085,6.5547964773,7.2683998779,8.5180778152,9.9874240772,11.1408625409,11.4840092783,17.3495661696,22.29,33.82,39.08,40.1,42.7,40.301895221,44.03,44.92,51.2054249949,54,
Peru,PER,Individuals using the Internet (% of population),IT.NET.USER.ZS,,,,,,,,,,,,,,,,,,,,,,,,,,,,,,,0,,,,0.0085045783,0.0334123047,0.24623258,0.4034297011,1.1903804404,1.9524976076,3.0764306114,7.5787629572,8.9669491704,11.6,14.1,17.1,20.7,25.2,30.57,31.4,34.77,36.01,38.2,39.2,40.2,40.9,45.4617406869,
Philippines,PHL,Individuals using the Internet (% of population),IT.NET.USER.ZS,,,,,,,,,,,,,,,,,,,,,,,,,,,,,,,0,,,,0.0058442535,0.0285857018,0.0559460285,0.1369129629,1.1034059944,1.4316088034,1.9822531961,2.5240056601,4.3322757464,4.8576722671,5.2436284522,5.3976363294,5.7405863253,5.97,6.22,9,25,29,36.2351,48.099023589,49.6,53.7,55.5,
Palau,PLW,Individuals using the Internet (% of population),IT.NET.USER.ZS,,,,,,,,,,,,,,,,,,,,,,,,,,,,,,,0,,,,,,,,,,,,20.2439394706,21.6015271777,26.9703326341,,,,,,,,,,,,,
Papua New Guinea,PNG,Individuals using the Internet (% of population),IT.NET.USER.ZS,,,,,,,,,,,,,,,,,,,,,,,,,,,,,,,0,,,,,,0.0020670228,0.100588321,0.2349585416,0.6671133149,0.8352493024,0.9041035452,1.3216569349,1.374404668,1.5079127723,1.7161904756,1.7544872607,1.7905593614,1.15,1.61,1.28,2,3.5,5.1,6.5,7.9,9.6015384615,
Poland,POL,Individuals using the Internet (% of population),IT.NET.USER.ZS,,,,,,,,,,,,,,,,,,,,,,,,,,,,,,,0,0.0052294681,0.0521271813,0.1299617039,0.3890981444,0.6477523331,1.2952002547,2.0734654736,4.1022720022,5.4564437301,7.2854287081,9.9006697074,21.15,24.87,32.53,38.81,44.58,48.6,53.13,58.97,62.32,61.949998969,62.3099972715,62.8492,66.6,67.997,73.3007,
Pre-demographic dividend,PRE,Individuals using the Internet (% of population),IT.NET.USER.ZS,,,,,,,,,,,,,,,,,,,,,,,,,,,,,,,0,,,,,,0.0048671314,0.0140233707,0.0287247737,0.0739185594,0.1241797685,0.1875404051,0.3616117106,0.6443348853,0.9884713905,1.7200344979,2.4540157599,3.2293151115,3.659929473,4.3613257259,6.0997544506,7.0852504252,8.5661620227,10.2952477652,12.3641524377,15.0004004119,17.1976297829,
Puerto Rico,PRI,Individuals using the Internet (% of population),IT.NET.USER.ZS,,,,,,,,,,,,,,,,,,,,,,,,,,,,,,,0,,,,0.0272546624,0.1351027835,0.2681604275,1.3318221591,2.647646679,5.265682651,10.4746482089,15.6300309162,17.5476475655,19.7070256578,22.1307382347,23.4000504487,25.4424182103,27.86,38,41.5,45.3,48,68.9999826014,68.999990004,76.1338597202,79.4687688253,80.32,
"Korea, Dem. Peoples Rep.",PRK,Individuals using the Internet (% of population),IT.NET.USER.ZS,,,,,,,,,,,,,,,,,,,,,,,,,,,,,,,0,,,,,,,0,0,0,0,0,0,0,0,0,0,0,0,0,0,0,0,,,,,
Portugal,PRT,Individuals using the Internet (% of population),IT.NET.USER.ZS,,,,,,,,,,,,,,,,,,,,,,,,,,,,,,,0,0.1002305704,0.2504265014,0.450161608,0.7189057536,1.4943345295,2.9808776697,4.953001955,9.8704464423,14.7423378419,16.4304676924,18.0871365595,19.37,29.67,31.78,34.99,38.01,42.09,44.13,48.27,53.3,55.2499968797,60.3399974868,62.0956,64.59,68.6329,70.4235670887,
Paraguay,PRY,Individuals using the Internet (% of population),IT.NET.USER.ZS,,,,,,,,,,,,,,,,,,,,,,,,,,,,,,,0,,,,,,0.0203596118,0.0995767193,0.1949049507,0.3816573202,0.7476307115,1.0987938357,1.7949695977,2.1119420821,3.4524384314,7.9070078614,7.9620738839,11.21,14.27,18.9,19.8,24.7635158794,29.34,36.9,43,48.4386879539,51.3498743564,
West Bank and Gaza,PSE,Individuals using the Internet (% of population),IT.NET.USER.ZS,,,,,,,,,,,,,,,,,,,,,,,,,,,,,,,0,,,,,,,,,,1.1113062071,1.8368548392,3.1000922351,4.1306163563,4.400904826,16.005,18.41,21.176,24.358,32.23,37.4,41.08,43.4,46.6,53.67,57.4241924139,61.1783848275,
Pacific island small states,PSS,Individuals using the Internet (% of population),IT.NET.USER.ZS,,,,,,,,,,,,,,,,,,,,,,,,,,,,,,,0,,,,,0.0217216344,0.1311108529,0.2851130519,0.6122418478,0.8708103314,1.4584175221,1.8610606759,3.993996967,4.5456705416,5.1712883882,5.5791267917,6.4935372402,7.3934250739,8.6920471051,10.8715655056,12.9746966776,17.6487885831,20.7210436897,22.0312360967,24.7368187548,27.9469274518,30.6072134709,
Post-demographic dividend,PST,Individuals using the Internet (% of population),IT.NET.USER.ZS,,,,,,,,,,,,,,,,,,,,,,,,,,,,,,,0.2704870597,0.4926523496,0.7729023619,1.0058249857,2.0039098888,3.7329497115,6.7954518228,10.6459411388,15.8700015526,22.8975504508,30.5460399157,36.6516713851,44.6823947732,49.7706167015,54.9642476624,58.4898973131,60.4171288563,65.6598352241,67.6522650548,68.8652280501,70.9795590587,71.4300886681,74.2283137726,75.7347464364,77.3991187022,79.0957056112,81.1277965354,
French Polynesia,PYF,Individuals using the Internet (% of population),IT.NET.USER.ZS,,,,,,,,,,,,,,,,,,,,,,,,,,,,,,,0,,,,,,0.0909719443,0.2143852503,1.3161646961,3.4489002319,6.3570635452,6.2515889455,8.2002164857,14.1242937853,17.8845374264,21.5421854743,25.1079642463,28.59,33.87,44.6,49,49,52.8766305868,56.8,60.68,64.5602097472,68.4404194934,
Qatar,QAT,Individuals using the Internet (% of population),IT.NET.USER.ZS,,,,,,,,,,,,,,,,,,,,,,,,,,,,,,,0,,,,,0.1902095348,0.9301858325,3.083749186,3.5200298499,4.0707289149,4.8636791788,6.1702685609,10.2261289281,19.242336421,20.7016478512,24.7334937811,28.9741127136,37,44.3,53.1,69,69,69.3,85.3,91.49,92.8848264535,94.291118155,
Romania,ROU,Individuals using the Internet (% of population),IT.NET.USER.ZS,,,,,,,,,,,,,,,,,,,,,,,,,,,,,,,0,,,0.0037032143,0.0263001616,0.0749527555,0.2216226492,0.4454446756,2.2376494727,2.6975802166,3.6137172914,4.538669029,6.58,8.9,15,21.5,24.66,28.3,32.42,36.6,39.93,40.009996781,45.8799942529,49.7645,54.08,55.7632,59.5039512853,
Russian Federation,RUS,Individuals using the Internet (% of population),IT.NET.USER.ZS,,,,,,,,,,,,,,,,,,,,,,,,,,,,,,,0,,0.0006725322,0.0134472379,0.0538174927,0.1481510423,0.2697529297,0.472963763,0.8127444507,1.018984614,1.977230109,2.9443677866,4.128271818,8.2988606155,12.8593889008,15.2266731977,18.0232774617,24.66,26.83,29,43,49,63.8,67.97,70.52,73.41,73.0914346179,
Rwanda,RWA,Individuals using the Internet (% of population),IT.NET.USER.ZS,,,,,,,,,,,,,,,,,,,,,,,,,,,,,,,0,,,,,,0.0008833716,0.001625791,0.0117635728,0.0671764824,0.0628314595,0.2406724098,0.2927847188,0.3569184673,0.4308542434,0.5560411648,,2.1153871783,4.5,7.7,8,7,8.0238542769,9,10.6,18,20,
South Asia,SAS,Individuals using the Internet (% of population),IT.NET.USER.ZS,,,,,,,,,,,,,,,,,,,,,,,,,,,,,,,0,,0.0001089026,0.0002134262,0.0010778242,0.0225490629,0.0409397917,0.0602485147,0.1174857706,0.2274072835,0.474534101,0.6613597113,1.4596423357,1.8312769232,2.1700637291,2.533991878,2.9715736869,3.9650988673,4.4089354384,5.1494677572,7.2057837912,9.3980966355,11.5208599388,13.7562134402,19.0832762245,23.2035725567,26.4777357009,
Saudi Arabia,SAU,Individuals using the Internet (% of population),IT.NET.USER.ZS,,,,,,,,,,,,,,,,,,,,,,,,,,,,,,,0,,,,,0.0109561336,0.0267326514,0.0520990309,0.1014298927,0.4935853402,2.2106918091,4.6810531658,6.3847050196,8.0015828909,10.234532997,12.7050359883,19.4595543514,30,36,38,41,47.5,54,60.5,64.713657369,69.6162358014,73.7509036835,
Sudan,SDN,Individuals using the Internet (% of population),IT.NET.USER.ZS,,,,,,,,,,,,,,,,,,,,,,,,,,,,,,,0,,,,0,0,0,0.001231819,0.004805071,0.0087945808,0.0257850325,0.1401852245,0.4394776391,0.5384717032,0.7915616154,1.292040678,,8.66,,,16.7,17.46,21,22.7,24.64,26.6149285458,28,
Senegal,SEN,Individuals using the Internet (% of population),IT.NET.USER.ZS,,,,,,,,,,,,,,,,,,,,,,,,,,,,,,,0,,,,,0.0006928482,0.0112382191,0.0273474415,0.0798713794,0.3110909524,0.4039674859,0.9837940588,1.0064545367,2.1014364299,4.3860239801,4.7866840831,5.6117386522,6.89,7.12,7.5,8,9.8,10.8,13.1,17.7,21.690264133,25.6647680414,
Singapore,SGP,Individuals using the Internet (% of population),IT.NET.USER.ZS,,,,,,,,,,,,,,,,,,,,,,,,,,,,,,,0,0.1615044984,0.4713681555,0.7632781392,1.1852037973,2.8734187218,8.3499590295,13.471620415,19.5907671588,24.1554369312,36,41.6704251756,47,53.8379432882,62,61,59,69.9,69,69,71,71,72,80.90205685,79.0292358633,79.0129570026,81,
Solomon Islands,SLB,Individuals using the Internet (% of population),IT.NET.USER.ZS,,,,,,,,,,,,,,,,,,,,,,,,,,,,,,,0,,,,,0.0248719097,0.2686835848,0.3919232458,0.508292797,0.4945414982,0.4812968061,0.4685519636,0.5019198434,0.5556098819,0.6496726733,0.8443075728,1.6463479886,2,3,4,5,6,6.9974,8,9,10.0004649826,11.0009022712,
Sierra Leone,SLE,Individuals using the Internet (% of population),IT.NET.USER.ZS,,,,,,,,,,,,,,,,,,,,,,,,,,,,,,,0,,,0,0,0,0.0025061162,0.0049878347,0.0148050654,0.0484906556,0.1182542457,0.1602644455,0.1761989568,0.1901732817,0.2030076806,0.2153916103,0.2276694672,0.2398346985,0.25,0.26,0.58,0.9,2.5,4,6.057298984,6.344421603,11.77318438,
El Salvador,SLV,Individuals using the Internet (% of population),IT.NET.USER.ZS,,,,,,,,,,,,,,,,,,,,,,,,,,,,,,,0,,,,,,0.0863895807,0.2569606794,0.4252536723,0.8454287414,1.1773972691,1.5,1.9,2.5,3.2,4.2,5.5,6.11,10.08,12.11,15.9,18.9,20.3213877242,23.1093,24.7617121459,26.8026049601,28.9970730456,
San Marino,SMR,Individuals using the Internet (% of population),IT.NET.USER.ZS,,,,,,,,,,,,,,,,,,,,,,,,,,,,,,,0,,,,,1.3621327106,1.4280751862,1.4185484799,1.4085579412,42.8033157498,48.7994953056,50.3416690899,50.8348399447,50.0034530387,50.5663430421,50.2595641967,50.2086593636,50.3648221089,54.52,54.21,,49.6,,,,,,
Somalia,SOM,Individuals using the Internet (% of population),IT.NET.USER.ZS,,,,,,,,,,,,,,,,,,,,,,,,,,,,,,,0,,,,,0,0.0015095504,0.002948713,0.00716442,0.013910394,0.02,0.0790391787,0.1156142134,0.3761980025,1.0534547436,1.0773278391,1.1002163681,1.1222356216,1.1426873722,1.1606105425,,1.25,1.3767,1.5,1.63,1.76,1.88,
Serbia,SRB,Individuals using the Internet (% of population),IT.NET.USER.ZS,,,,,,,,,,,,,,,,,,,,,,,,,,,,,,,,,,,,,,,,,,,,,23.5,26.3,27.2,33.15,35.6,38.1,40.9,42.2,48.1,53.450364175,62.0750804639,65.3170254004,67.0568413717,
Sub-Saharan Africa (excluding high income),SSA,Individuals using the Internet (% of population),IT.NET.USER.ZS,,,,,,,,,,,,,,,,,,,,,,,,,,,,,,,0,,,,,,0.0698402333,0.1309604623,0.2380245481,0.3653964342,0.5083016167,0.6491544744,0.8332901245,1.1131179749,1.5082064109,2.0393361097,2.6990994085,3.4180550397,3.8762895073,4.5986760672,6.9889446617,8.3869602318,10.2665755118,12.3309174379,14.6967583019,17.8930294598,19.9190255987,
South Sudan,SSD,Individuals using the Internet (% of population),IT.NET.USER.ZS,,,,,,,,,,,,,,,,,,,,,,,,,,,,,,,,,,,,,,,,,,,,,,,,,,,,,,3.829969245,4.51615373,5.5,6.679728051,
Sub-Saharan Africa,SSF,Individuals using the Internet (% of population),IT.NET.USER.ZS,,,,,,,,,,,,,,,,,,,,,,,,,,,,,,,0,,,,,,0.0699210025,0.1311077474,0.2383121179,0.3661221773,0.5091434208,0.6504100999,0.8349108603,1.1147378028,1.5109190757,2.042099108,2.7030590387,3.4220015113,3.8804934176,4.5986760672,6.9925785069,8.3905424608,10.2702830779,12.334624118,14.7002405475,17.8964187188,19.9223630953,
Small states,SST,Individuals using the Internet (% of population),IT.NET.USER.ZS,,,,,,,,,,,,,,,,,,,,,,,,,,,,,,,0,,,,,,0.7237733264,1.2577093579,2.2550731717,3.1813460847,5.0147111232,6.6932387323,8.9284199344,10.8486891767,12.6044338619,13.659203331,15.2720078099,17.2525912462,19.8689467747,22.2647064875,25.7245743108,29.9837640188,32.6752226607,36.8879296295,40.4347486126,43.783778539,46.314677492,
Sao Tome and Principe,STP,Individuals using the Internet (% of population),IT.NET.USER.ZS,,,,,,,,,,,,,,,,,,,,,,,,,,,,,,,0,,,,,,,,0.2958470471,0.3632031613,4.6385168164,6.3109178879,7.5806651689,10.161844307,13.3228526892,13.7594842159,14.1820197775,14.5904831987,15.48,16.41,18.75,20.1612,21.5724,23,24.41,25.82,28,
Suriname,SUR,Individuals using the Internet (% of population),IT.NET.USER.ZS,,,,,,,,,,,,,,,,,,,,,,,,,,,,,,,0,,,,,0.1147207353,0.2263062965,1.0030869364,1.6701484356,1.8918713571,2.5064110523,3.0644483887,4.161568745,4.7198753953,6.0760478144,6.4030862876,9.4996269417,14.11,21.06,31.36,31.59,32,34.6812,37.4,40.08,42.7638277825,45.4,
Slovak Republic,SVK,Individuals using the Internet (% of population),IT.NET.USER.ZS,,,,,,,,,,,,,,,,,,,,,,,,,,,,,,,0,,,0.1278292322,0.3185097043,0.5232101634,0.7832901094,1.1733810136,2.6898097859,5.4377581391,9.4268032006,12.5283218485,40.14,43.04,52.89,55.19,56.08,61.8,66.05,70,75.71,74.4399971747,76.7099901181,77.8826,79.98,77.6347,80.4759,
Slovenia,SVN,Individuals using the Internet (% of population),IT.NET.USER.ZS,,,,,,,,,,,,,,,,,,,,,,,,,,,,,,,0,,,0.4097923992,1.0715701718,2.8989856093,5.0722722715,7.5919230037,10.1046028487,12.6109384253,15.110259564,30.1759104701,27.8388854181,31.854793012,40.81,46.81,54.01,56.74,58,64,70,67.3399948092,68.3499745288,72.6756,71.59,73.0987,75.4985042611,
Sweden,SWE,Individuals using the Internet (% of population),IT.NET.USER.ZS,,,,,,,,,,,,,,,,,,,,,,,,,,,,,,,0.5841920665,1.1605194531,1.497871352,1.7163641823,3.4128100965,5.0980242437,9.0435997597,23.7279475563,33.4675123251,41.4327831641,45.6876522122,51.7656649373,70.57,79.13,83.89,84.83,87.76,82.01,90,91,90,92.7699860554,93.1799880065,94.7836,92.52,90.6102,89.6509476102,
Swaziland,SWZ,Individuals using the Internet (% of population),IT.NET.USER.ZS,,,,,,,,,,,,,,,,,,,,,,,,,,,,,,,0,,,,,0.00103175,0.050399009,0.0885459864,0.0960996053,0.4707175996,0.9261917773,1.2815900505,1.8162038071,2.4370738506,3.2286850732,3.6969610729,3.6965387891,4.1,6.85,8.94,11.04,18.13,20.7817825773,24.7,26.17500573,25.64304231,28.5735227828,
Sint Maarten (Dutch part),SXM,Individuals using the Internet (% of population),IT.NET.USER.ZS,,,,,,,,,,,,,,,,,,,,,,,,,,,,,,,,,,,,,,,,,,,,,,,,,,,,,,,,,,
Seychelles,SYC,Individuals using the Internet (% of population),IT.NET.USER.ZS,,,,,,,,,,,,,,,,,,,,,,,,,,,,,,,0,,,,,,0.6514742863,1.2829559305,2.5261775145,6.2290548032,7.3956291832,11.01510293,14.304170831,14.5925043169,24.272139225,25.4132681463,34.9519711707,38.38,40.44,,41,43.16400446,47.076,50.4,51.25470199,54.25961786,56.5147081471,
Syrian Arab Republic,SYR,Individuals using the Internet (% of population),IT.NET.USER.ZS,0,,,,,0,,,,,0,,,,,0,0,0,0,0,0,0,0,0,0,0,0,0,0,0,0,0,0,0,0,0,0,0.0326078138,0.0636872863,0.1242954622,0.1816985801,0.35375913,2.0931010186,3.3979726136,4.3215937779,5.6481060488,7.8325515689,11.5,14,17.3,20.7,22.5,24.3001,26.2,28.09,29.9797972358,31.8696272689,
Turks and Caicos Islands,TCA,Individuals using the Internet (% of population),IT.NET.USER.ZS,,,,,,,,,,,,,,,,,,,,,,,,,,,,,,,0,,,,,,,,,,,,,,,,,,,,,,,,,,,
Chad,TCD,Individuals using the Internet (% of population),IT.NET.USER.ZS,,,,,,,,,,,,,,,,,,,,,,,,,,,,,,,0,,,,,,,0.0006581683,0.0042685045,0.0123217277,0.0357070763,0.0459341344,0.1660696647,0.3203085554,0.360920107,0.3992577001,0.5810457642,0.8472245207,1.19,1.5,1.7,1.9,2.1000000001,2.5,2.9,3.5,5,
East Asia & Pacific (IDA & IBRD countries),TEA,Individuals using the Internet (% of population),IT.NET.USER.ZS,,,,,,,,,,,,,,,,,,,,,,,,,,,,,,,0,,,0.0011582639,0.0040176702,0.0130588936,0.0336517251,0.095417311,0.3277462569,0.8638987422,1.9186464985,2.8144486049,4.460944756,5.8348240988,6.9699364651,8.4193541833,10.2971960167,14.5601609235,19.5008006552,24.064680379,29.3201332504,32.7867706969,36.5105275849,39.6964037227,42.0464015787,45.2130809268,48.4161275155,
Europe & Central Asia (IDA & IBRD countries),TEC,Individuals using the Internet (% of population),IT.NET.USER.ZS,,,,,,,,,,,,,,,,,,,,,,,,,,,,,,,0,,,0.0243180677,0.0765026086,0.1465072843,0.2996003657,0.5366898642,1.0216624337,1.5318392753,2.4981722142,3.6001351261,6.5951877657,9.1112551949,12.908350681,15.005064324,17.7903616912,23.0066727237,26.5929511752,30.3788392262,38.1035863818,42.5399234399,50.0897316408,53.7522295423,57.7917904433,60.8346414866,63.3745882772,
Togo,TGO,Individuals using the Internet (% of population),IT.NET.USER.ZS,0,,,,,0,,,,,0,,,,,0,0,0,0,0,0,0,0,0,0,0,0,0,0,0,0,0,0,0,0,0,0.0109291385,0.2111394648,0.3055839352,0.5903632643,0.8,0.9,1,1.2,1.5,1.8,2,2.2,2.4,2.6,3,3.5,4,4.5,5.7,7.12,11.31,
Thailand,THA,Individuals using the Internet (% of population),IT.NET.USER.ZS,0,,,,,0,,,,,0,,,,,0,0,0,0,0,0,0,0,0,0,0,0,0,0,0,0,5.22334282658481E-05,0.000343725,0.0135809657,0.0386143207,0.0748253377,0.1154721363,0.3605221849,1.0912189853,2.4262424322,3.6890412794,5.556326121,7.5312503349,9.2990272381,10.6773033237,15.0260043589,17.1607147169,20.03,18.2,20.1,22.4,23.6699256187,26.46,28.94,34.89,39.3161267365,47.5049656216,
Tajikistan,TJK,Individuals using the Internet (% of population),IT.NET.USER.ZS,,,,,,,,,,,,,,,,,,,,,,,,,,,,,,,0,,,,,,,,,0.0327918578,0.0485995946,0.0512591325,0.055462827,0.0645837772,0.0774799071,0.2986900237,3.7724062067,7.197619518,8.78,10.07,11.55,13.03,14.51,16,17.49,18.9800000005,20.4700000001,
Turkmenistan,TKM,Individuals using the Internet (% of population),IT.NET.USER.ZS,,,,,,,,,,,,,,,,,,,,,,,,,,,,,,,0,,,,,,,,,0.0450207703,0.1332821826,0.1752095177,0.3021320162,0.4251826319,0.7540539827,0.9972565585,1.3195731181,1.4063606881,1.75,1.95,3,5,7.1958,9.6,12.2,14.9967748204,17.9903244613,
Latin America & the Caribbean (IDA & IBRD countries),TLA,Individuals using the Internet (% of population),IT.NET.USER.ZS,,,,,,,,,,,,,,,,,,,,,,,,,,,,,,,0,,0.0136635582,0.0299082482,0.0501608181,0.1111809742,0.3133097766,0.6138529363,1.2379172392,2.062210599,3.9069020666,5.6470431193,8.8874720131,11.3143152071,14.4432080582,16.6888336945,20.8956289679,23.9043189414,26.6769756759,31.275791326,34.9844533558,39.7128396195,43.4044968855,46.4334790891,48.9447625083,54.4373879684,57.0013987257,
Timor-Leste,TLS,Individuals using the Internet (% of population),IT.NET.USER.ZS,,,,,,,,,,,,,,,,,,,,,,,,,,,,,,,0,,,,,,,,,,,,0,,,0.0990317678,0.5,1,1.5,2,3,4,7,11,17.5,23,25.24624959,
Middle East & North Africa (IDA & IBRD countries),TMN,Individuals using the Internet (% of population),IT.NET.USER.ZS,,,,,,,,,,,,,,,,,,,,,,,,,,,,,,,0,,,,0.002879945,0.0133790337,0.02632826,0.0752411774,0.159506093,0.4177993138,0.8384227505,1.1353869842,2.8199255114,4.0602708304,7.5366570528,8.5361392195,9.8935863965,11.8381117637,14.9616993953,17.6121492866,20.5290038217,22.7970986346,26.0565215045,29.5945747817,34.5997764518,38.9046280583,42.8704415472,
Tonga,TON,Individuals using the Internet (% of population),IT.NET.USER.ZS,,,,,,,,,,,,,,,,,,,,,,,,,,,,,,,0,,,,,0.12323112,0.1637934565,0.5108661224,0.7651343576,1.0179671197,2.4343980444,2.8253718391,2.9072973163,2.9858173675,3.9523738946,4.9077827619,5.8539440948,7.179865329,8.1107699438,10,16,25,30,32.75396061,35.95444145,38.65127243,39.95,
South Asia (IDA & IBRD),TSA,Individuals using the Internet (% of population),IT.NET.USER.ZS,,,,,,,,,,,,,,,,,,,,,,,,,,,,,,,0,,0.0001089026,0.0002134262,0.0010778242,0.0225490629,0.0409397917,0.0602485147,0.1174857706,0.2274072835,0.474534101,0.6613597113,1.4596423357,1.8312769232,2.1700637291,2.533991878,2.9715736869,3.9650988673,4.4089354384,5.1494677572,7.2057837912,9.3980966355,11.5208599388,13.7562134402,19.0832762245,23.2035725567,26.4777357009,
Sub-Saharan Africa (IDA & IBRD countries),TSS,Individuals using the Internet (% of population),IT.NET.USER.ZS,,,,,,,,,,,,,,,,,,,,,,,,,,,,,,,0,,,,,,0.0699210025,0.1311077474,0.2383121179,0.3661221773,0.5091434208,0.6504100999,0.8349108603,1.1147378028,1.5109190757,2.042099108,2.7030590387,3.4220015113,3.8804934176,4.5986760672,6.9925785069,8.3905424608,10.2702830779,12.334624118,14.7002405475,17.8964187188,19.9223630953,
Trinidad and Tobago,TTO,Individuals using the Internet (% of population),IT.NET.USER.ZS,,,,,,,,,,,,,,,,,,,,,,,,,,,,,,,0,,,,,0.1581498992,0.3930805249,1.1731746576,2.7248253387,5.8142509617,7.721411474,15.3846272189,21.9986754804,25.9717641092,27.0242700783,28.9767124327,30.0037485792,32.3,34.8,44.3,48.5,55.2,59.5162,63.8,65.1,69.1984706087,73.2969412185,
Tunisia,TUN,Individuals using the Internet (% of population),IT.NET.USER.ZS,,,,,,,,,,,,,,,,,,,,,,,,,,,,,,,0,,,,0.0073795443,0.0111919543,0.0276153718,0.0436569745,0.1079409572,1.6024947638,2.750740293,4.2979660347,5.2528872955,6.4908457953,8.5288177516,9.6550865422,12.9864086534,17.1,27.53,34.07,36.8,39.1,41.4416,43.8,46.16,46.5,49.6,
Turkey,TUR,Individuals using the Internet (% of population),IT.NET.USER.ZS,,,,,,,,,,,,,,,,,,,,,,,,,,,,,,,0,,,0.0084577316,0.0498691815,0.0816912053,0.1927249356,0.4736954321,0.6988051286,2.2921176854,3.7616850351,5.1894814608,11.38,12.33,14.58,15.46,18.24,28.63,34.37,36.4,39.82,43.0657104309,45.13,46.25,51.04,53.7449791424,58.3477340146,
Tuvalu,TUV,Individuals using the Internet (% of population),IT.NET.USER.ZS,,,,,,,,,,,,,,,,,,,,,,,,,,,,,,,0,,,,,,,,,,5.2416395849,,,,,,,10,15,20,25,30,35,37,39.2,42.7,46.0091515111,
Tanzania,TZA,Individuals using the Internet (% of population),IT.NET.USER.ZS,,,,,,,,,,,,,,,,,,,,,,,,,,,,,,,0,,,,,,0.0016221545,0.007900283,0.0092441251,0.0751308885,0.1171944401,0.1713003507,0.2224844139,0.6769628565,0.877574971,1.1,1.3,1.6,1.9,2.4,2.9,3.2,3.95,4.4,7,10,13,
Uganda,UGA,Individuals using the Internet (% of population),IT.NET.USER.ZS,,,,,,,,,,,,,,,,,,,,,,,,,,,,,,,0,,,,,0.0028634713,0.0046259481,0.010319341,0.0652894652,0.1055439403,0.1637140631,0.2379450872,0.384093505,0.4648498401,0.7199706799,1.7422055032,2.5293630383,3.6719653507,7.9,9.78,12.5,13.01354333,14.1,15.5,16.9,17.83485947,21.87617046,
Ukraine,UKR,Individuals using the Internet (% of population),IT.NET.USER.ZS,,,,,,,,,,,,,,,,,,,,,,,,,,,,,,,0,,,0.0007769703,0.0136412456,0.0430839845,0.0985803814,0.1988218849,0.301075792,0.4053854484,0.716183762,1.2387595475,1.8738851164,3.1481275882,3.4894778813,3.7497644147,4.5061245636,6.55,11,17.9,23.3,28.7082628401,35.27,40.954128997,46.2359754572,48.8846436813,52.481808289,
Upper middle income,UMC,Individuals using the Internet (% of population),IT.NET.USER.ZS,,,,,,,,,,,,,,,,,,,,,,,,,,,,,,,0,,,0.0089266139,0.0215135196,0.0528408096,0.1241464883,0.2584083959,0.6053137428,1.2408546609,2.4294035515,3.5026258797,5.8722037167,7.7825290378,9.7618456229,11.3698404024,13.8573268293,18.4986059436,23.25010563,28.2197578187,33.4745079186,37.7184641229,42.3664633977,45.7345338553,48.5631819638,52.1610297224,55.2278229482,
Uruguay,URY,Individuals using the Internet (% of population),IT.NET.USER.ZS,,,,,,,,,,,,,,,,,,,,,,,,,,,,,,,0,,,,0.0624743855,0.3101285824,1.8474720885,3.3632396681,6.9870693649,9.9727652846,10.539057748,11.1214376833,11.4194701967,15.937136716,17.0630983404,20.0881895579,29.4,34,39.3,41.8,46.4,51.4046610564,54.4537686807,57.69,61.46,64.6,66.4,
United States,USA,Individuals using the Internet (% of population),IT.NET.USER.ZS,,,,,,,,,,,,,,,,,,,,,,,,,,,,,,,0.7847285022,1.1631937263,1.7242025391,2.2716732938,4.8627806346,9.2370882973,16.4193529601,21.6164009687,30.0931965881,35.848724456,43.0791626375,49.0808315897,58.7854038837,61.6971171244,64.758256476,67.968052915,68.93119327,75,74,71,71.69,69.7294607619,74.7,71.4,73,74.5542024463,76.1767369828,
Uzbekistan,UZB,Individuals using the Internet (% of population),IT.NET.USER.ZS,,,,,,,,,,,,,,,,,,,,,,,,,,,,,,,0,,,,,0.0015270935,0.0042850742,0.0105369348,0.0207544371,0.0306883432,0.4843473077,0.5975679939,1.0819397425,1.9125951778,2.5937254208,3.3435098883,6.3883219671,7.4906046814,9.0801145235,11.9,15.9,18.6,23.6,26.8,35.5,42.8,46.7912869408,
St. Vincent and the Grenadines,VCT,Individuals using the Internet (% of population),IT.NET.USER.ZS,,,,,,,,,,,,,,,,,,,,,,,,,,,,,,,0,,,,,0.1286346221,0.4832483174,0.9263719569,1.8539976825,2.7820022998,3.2450374106,5.0948097783,5.5495948796,6.4622741666,7.371165842,9.1982780823,12,16,21,31,33.7,36.7,40,43.5,47.4,51.77,55.574619423,
"Venezuela, RB",VEN,Individuals using the Internet (% of population),IT.NET.USER.ZS,,,,,,,,,,,,,,,,,,,,,,,,,,,,,,,0,,0.012082134,0.0415872335,0.0554869778,0.1222148481,0.24826058,0.3909593177,1.3839903909,2.8398257667,3.3595974645,4.6360009478,4.9104463272,7.4999634652,8.4044695924,12.5529979098,15.2247114772,20.83,25.88,32.7,37.37,40.22,49.050083073,54.9,57,61.8692480943,60,
British Virgin Islands,VGB,Individuals using the Internet (% of population),IT.NET.USER.ZS,,,,,,,,,,,,,,,,,,,,,,,,,,,,,,,0,,,,,,,,,,,,18.8857412653,,,,,,,36,37,37.4,37.6,,,,,
Virgin Islands (U.S.),VIR,Individuals using the Internet (% of population),IT.NET.USER.ZS,,,,,,,,,,,,,,,,,,,,,,,,,,,,,,,0,,,,0.9406452827,2.8019576344,4.6471856644,6.9483689862,9.2452202211,11.0746059286,13.8150805419,18.3757660397,27.4944323774,27.4290729888,27.377008788,27.3443196733,27.3326105376,27.3393358364,27.3617774211,27.3965096847,31.22,35.6,40.5479,45.3,50.07,54.839137296,59.608315799,
Vietnam,VNM,Individuals using the Internet (% of population),IT.NET.USER.ZS,,,,,,,,,,,,,,,,,,,,,,,,,,,,,,,0,,,,,,0.0001348133,0.0039819623,0.0130785429,0.128926663,0.2542482758,1.2656512361,1.8549992359,3.7802808137,7.6424085284,12.7399292907,17.2545617187,20.755444768,23.92,26.55,30.65,35.07,36.8,38.5,41,43.5,46.5,
Vanuatu,VUT,Individuals using the Internet (% of population),IT.NET.USER.ZS,,,,,,,,,,,,,,,,,,,,,,,,,,,,,,,0,,,,,,0.0568456357,0.1395058146,0.2741859419,0.5383000484,2.1083368912,2.8305722388,3.5100387107,3.9032958454,4.7466026192,5.0823338077,5.8505850585,6.8,7.2691199234,7.5,8,9.2,10.598,11.3,18.8,22.3514045825,24,
World,WLD,Individuals using the Internet (% of population),IT.NET.USER.ZS,,,,,,,,,,,,,,,,,,,,,,,,,,,,,,,0.049343085,,,0.2518469044,0.4470306856,0.7774424828,1.3259524775,2.0424390285,3.1415855472,4.638775971,6.7432301887,8.0770632926,10.5489331933,12.234763212,14.1273630394,15.7291032914,17.4925263246,20.4254798468,22.9505607104,25.356344821,28.7336041747,31.1254774817,34.1943242743,36.7260494914,39.7921478263,43.07955767,45.7845027927,
Samoa,WSM,Individuals using the Internet (% of population),IT.NET.USER.ZS,,,,,,,,,,,,,,,,,,,,,,,,,,,,,,,0,,,,,,,0.1745718625,0.2303590145,0.2853083327,0.5663925327,1.6899028306,2.2448326758,2.7996304488,3.0755294104,3.3525921125,4.4691738732,4.7499832354,5.0316153162,6,7,11,12.92249,15.3,21.2,25.4070097666,29.411730113,
Kosovo,XKX,Individuals using the Internet (% of population),IT.NET.USER.ZS,,,,,,,,,,,,,,,,,,,,,,,,,,,,,,,,,,,,,,,,,,,,,,,,,,,,,,,,,,
"Yemen, Rep.",YEM,Individuals using the Internet (% of population),IT.NET.USER.ZS,,,,,,,,,,,,,,,,,,,,,,,,,,,,,,,0,,,,,,0.0006210807,0.0150252954,0.0233232425,0.0566286752,0.0825003865,0.0908024587,0.5187960321,0.6047341004,0.8812229887,1.0485979342,1.247824049,5.01,6.89,9.96,12.35,14.905,17.4465,20,22.55,24.08540947,24.5792083636,
South Africa,ZAF,Individuals using the Internet (% of population),IT.NET.USER.ZS,,,,,,,,,,,,,,,,,,,,,,,,,,,,,,,0,0.0132835914,0.038869106,0.1137471838,0.246905533,0.6767401042,0.8418829312,1.6320937907,2.9062208668,4.1162495828,5.348559732,6.3466193184,6.7103224371,7.0076917261,8.4251186825,7.4885425299,7.6071396748,8.0653751736,8.43,10,24,33.97,41,46.5,49,51.9191157227,54,
Zambia,ZMB,Individuals using the Internet (% of population),IT.NET.USER.ZS,,,,,,,,,,,,,,,,,,,,,,,,,,,,,,,0,,,,0.0067761053,0.008783623,0.009069176,0.0093296579,0.0302261825,0.1470531721,0.1910716425,0.2331295563,0.4777509069,0.9804830394,2.0135495322,2.8517522613,4.1599133939,4.87,5.55,6.31,10,11.5,13.4682,15.4,19,21,25.5065788476,
Zimbabwe,ZWE,Individuals using the Internet (% of population),IT.NET.USER.ZS,,,,,,,,,,,,,,,,,,,,,,,,,,,,,,,0,,,,0.0017392796,0.0076835399,0.0167904839,0.0330803267,0.0816484762,0.1616755276,0.4014335352,0.7998460456,1.1,1.8,2.1,2.4,2.4,3,3.5,4,6.4,8.4,12,15.5,16.3647399573,22.742818102,23.11998904,
